date,year,month,day,plot,trt,rep,co2flux,moist,tsurf,t5cm,t10cm
2006-07-17,2006,7,17,1,C,4,151.64,NA,31.4,21.7,19.7
2006-07-17,2006,7,17,2,H,3,144.73,NA,30.9,21.9,20.1
2006-07-17,2006,7,17,3,HN,6,115.62,NA,29.3,21.7,19.9
2006-07-17,2006,7,17,4,HN,3,177.88,NA,30.5,23.4,19.5
2006-07-17,2006,7,17,5,H,5,167.75,NA,30.9,22.3,20.3
2006-07-17,2006,7,17,6,N,1,113.90,NA,31.7,22.0,19.7
2006-07-17,2006,7,17,7,HN,5,132.04,NA,33.7,23.1,20.2
2006-07-17,2006,7,17,8,H,2,96.39,NA,31.7,22.6,20.2
2006-07-17,2006,7,17,10,HN,1,133.86,NA,31.3,22.7,19.9
2006-07-17,2006,7,17,11,N,4,115.17,NA,31.2,21.0,19.2
2006-07-17,2006,7,17,12,C,2,113.77,NA,31.0,23.2,19.8
2006-07-17,2006,7,17,13,H,1,108.38,NA,31.8,21.6,19.8
2006-07-17,2006,7,17,14,C,3,198.93,NA,30.4,21.5,18.5
2006-07-17,2006,7,17,15,HN,2,140.11,NA,33.3,23.4,19.9
2006-07-17,2006,7,17,16,N,2,155.37,NA,31.7,22.4,19.9
2006-07-17,2006,7,17,17,HN,4,156.21,NA,31.0,21.5,19.6
2006-07-17,2006,7,17,18,H,4,83.64,NA,30.4,22.1,20.7
2006-07-17,2006,7,17,19,C,5,88.39,NA,30.3,21.7,20.0
2006-07-17,2006,7,17,20,C,6,74.44,NA,27.8,20.3,18.8
2006-07-17,2006,7,17,21,N,3,108.71,NA,32.2,21.7,19.2
2006-07-17,2006,7,17,22,H,6,121.75,NA,29.4,22.3,19.9
2006-07-17,2006,7,17,23,N,6,104.89,NA,30.1,22.0,19.4
2006-07-17,2006,7,17,24,C,1,149.95,NA,30.8,22.5,18.9
2006-08-22,2006,8,22,1,C,4,97.13,30.0,25.1,19.7,18.0
2006-08-22,2006,8,22,2,H,3,130.80,33.0,23.0,18.8,17.8
2006-08-22,2006,8,22,3,HN,6,168.18,26.0,25.4,26.6,26.7
2006-08-22,2006,8,22,4,HN,3,187.72,32.0,26.3,23.2,22.5
2006-08-22,2006,8,22,5,H,5,213.58,22.0,25.0,22.9,22.5
2006-08-22,2006,8,22,6,N,1,150.28,28.0,23.2,19.1,17.6
2006-08-22,2006,8,22,7,HN,5,69.59,27.0,26.0,24.1,23.6
2006-08-22,2006,8,22,8,H,2,108.22,24.0,24.5,23.0,22.0
2006-08-22,2006,8,22,9,N,5,106.26,NA,28.5,22.2,19.5
2006-08-22,2006,8,22,10,HN,1,149.99,34.0,22.8,19.4,19.1
2006-08-22,2006,8,22,11,N,4,85.36,28.0,26.0,19.2,17.8
2006-08-22,2006,8,22,12,C,2,126.85,31.0,24.8,19.6,17.7
2006-08-22,2006,8,22,13,H,1,83.35,26.0,23.5,26.8,27.4
2006-08-22,2006,8,22,14,C,3,221.51,33.0,24.2,19.0,17.5
2006-08-22,2006,8,22,15,HN,2,108.05,29.0,23.9,22.0,21.9
2006-08-22,2006,8,22,16,N,2,98.73,28.0,24.4,18.2,17.6
2006-08-22,2006,8,22,17,HN,4,208.18,28.0,25.1,24.8,24.6
2006-08-22,2006,8,22,18,H,4,119.12,30.0,24.4,23.7,22.1
2006-08-22,2006,8,22,19,C,5,122.60,28.0,28.8,18.5,17.8
2006-08-22,2006,8,22,20,C,6,86.74,30.0,22.8,18.9,17.9
2006-08-22,2006,8,22,21,N,3,80.56,27.0,23.2,19.1,17.1
2006-08-22,2006,8,22,22,H,6,133.08,25.0,23.8,22.3,22.0
2006-08-22,2006,8,22,23,N,6,152.87,22.0,23.8,20.1,17.8
2006-08-22,2006,8,22,24,C,1,112.12,22.0,23.9,19.3,16.9
2006-09-09,2006,9,9,1,C,4,234.48,27.3,23.3,17.9,16.5
2006-09-09,2006,9,9,2,H,3,147.25,30.0,22.7,22.1,21.0
2006-09-09,2006,9,9,3,HN,6,165.89,29.0,23.5,24.8,25.1
2006-09-09,2006,9,9,4,HN,3,332.08,26.0,NA,NA,NA
2006-09-09,2006,9,9,5,H,5,271.13,26.0,22.9,22.0,21.7
2006-09-09,2006,9,9,6,N,1,86.08,31.0,22.5,18.4,16.2
2006-09-09,2006,9,9,7,HN,5,161.22,26.7,24.0,21.9,21.0
2006-09-09,2006,9,9,8,H,2,238.99,30.0,22.7,22.1,21.5
2006-09-09,2006,9,9,9,N,5,155.72,22.3,23.3,18.4,16.4
2006-09-09,2006,9,9,10,HN,1,92.44,37.0,22.8,22.0,22.2
2006-09-09,2006,9,9,11,N,4,145.33,29.0,23.6,17.8,16.4
2006-09-09,2006,9,9,12,C,2,81.40,26.7,21.8,18.5,21.8
2006-09-09,2006,9,9,13,H,1,147.15,24.7,22.1,23.5,22.0
2006-09-09,2006,9,9,14,C,3,157.57,32.3,23.0,18.3,16.3
2006-09-09,2006,9,9,15,HN,2,177.15,30.7,23.0,22.5,22.1
2006-09-09,2006,9,9,16,N,2,149.80,29.7,23.2,18.5,16.3
2006-09-09,2006,9,9,17,HN,4,133.68,29.3,24.0,24.3,23.1
2006-09-09,2006,9,9,18,H,4,99.95,31.0,22.7,22.7,22.1
2006-09-09,2006,9,9,19,C,5,118.70,25.7,23.1,19.7,16.5
2006-09-09,2006,9,9,20,C,6,78.15,32.3,23.9,18.2,16.4
2006-09-09,2006,9,9,21,N,3,111.77,26.0,22.5,18.5,17.3
2006-09-09,2006,9,9,22,H,6,96.99,28.0,22.9,21.2,20.8
2006-09-09,2006,9,9,23,N,6,87.05,24.7,21.3,19.1,16.7
2006-09-09,2006,9,9,24,C,1,71.90,27.7,21.4,17.9,15.6
2006-10-04,2006,10,4,1,C,4,123.50,28.0,21.7,15.5,13.8
2006-10-04,2006,10,4,2,H,3,143.20,32.0,20.2,21.9,23.2
2006-10-04,2006,10,4,3,HN,6,123.20,28.0,21.7,20.0,19.4
2006-10-04,2006,10,4,4,HN,3,219.20,28.0,20.7,23.9,23.6
2006-10-04,2006,10,4,5,H,5,178.80,26.0,21.0,20.2,19.9
2006-10-04,2006,10,4,6,N,1,78.00,34.0,19.5,14.9,13.4
2006-10-04,2006,10,4,7,HN,5,120.10,32.0,21.2,19.8,18.5
2006-10-04,2006,10,4,8,H,2,93.30,30.0,20.0,14.4,13.5
2006-10-04,2006,10,4,9,N,5,150.00,16.0,25.7,19.8,17.9
2006-10-04,2006,10,4,10,HN,1,77.20,38.0,19.5,18.8,18.9
2006-10-04,2006,10,4,11,N,4,107.10,34.0,20.3,15.5,13.8
2006-10-04,2006,10,4,12,C,2,80.50,35.0,20.9,14.3,13.5
2006-10-04,2006,10,4,13,H,1,163.50,30.0,19.5,20.3,19.6
2006-10-04,2006,10,4,14,C,3,131.50,41.0,21.5,14.9,13.6
2006-10-04,2006,10,4,15,HN,2,127.60,33.0,20.4,20.3,20.5
2006-10-04,2006,10,4,16,N,2,107.20,32.0,19.9,14.5,13.5
2006-10-04,2006,10,4,17,HN,4,103.60,31.0,22.2,20.6,20.3
2006-10-04,2006,10,4,18,H,4,96.30,35.0,21.0,19.4,18.9
2006-10-04,2006,10,4,19,C,5,72.70,26.0,21.0,15.6,13.7
2006-10-04,2006,10,4,20,C,6,95.30,41.0,20.1,15.1,13.8
2006-10-04,2006,10,4,21,N,3,73.80,32.0,20.8,15.5,13.9
2006-10-04,2006,10,4,22,H,6,96.10,32.0,19.8,18.6,18.3
2006-10-04,2006,10,4,23,N,6,92.40,31.0,19.4,15.8,13.7
2006-10-04,2006,10,4,24,C,1,60.90,32.0,19.5,14.0,12.9
2006-10-25,2006,10,25,1,C,4,34.30,36.0,9.5,8.1,8.0
2006-10-25,2006,10,25,2,H,3,63.00,42.0,9.4,19.2,19.7
2006-10-25,2006,10,25,3,HN,6,35.70,33.0,8.3,12.5,13.0
2006-10-25,2006,10,25,4,HN,3,60.30,40.0,8.9,14.5,14.3
2006-10-25,2006,10,25,5,H,5,79.50,35.0,10.2,12.7,13.6
2006-10-25,2006,10,25,6,N,1,30.60,44.0,8.7,7.7,8.5
2006-10-25,2006,10,25,7,HN,5,39.70,34.0,11.1,10.7,11.6
2006-10-25,2006,10,25,8,H,2,41.70,39.0,9.3,12.1,13.9
2006-10-25,2006,10,25,9,N,5,129.90,25.0,21.7,15.6,13.9
2006-10-25,2006,10,25,10,HN,1,26.10,48.0,8.9,7.5,8.2
2006-10-25,2006,10,25,11,N,4,32.50,40.0,8.7,7.1,8.0
2006-10-25,2006,10,25,12,C,2,25.30,39.0,7.9,6.9,8.0
2006-10-25,2006,10,25,13,H,1,41.70,38.0,7.6,7.9,8.6
2006-10-25,2006,10,25,14,C,3,38.70,50.0,7.7,7.9,8.5
2006-10-25,2006,10,25,15,HN,2,49.80,43.0,7.3,11.8,12.2
2006-10-25,2006,10,25,16,N,2,30.60,43.0,7.9,7.9,8.1
2006-10-25,2006,10,25,17,HN,4,39.10,38.0,9.4,12.4,14.8
2006-10-25,2006,10,25,18,H,4,37.30,42.0,9.3,12.1,13.7
2006-10-25,2006,10,25,19,C,5,46.20,34.0,8.3,7.9,8.2
2006-10-25,2006,10,25,20,C,6,26.90,47.0,8.1,7.7,8.3
2006-10-25,2006,10,25,21,N,3,18.50,44.0,8.2,7.3,8.0
2006-10-25,2006,10,25,22,H,6,41.40,38.0,7.9,11.8,12.5
2006-10-25,2006,10,25,23,N,6,29.40,35.0,8.8,8.3,8.1
2006-10-25,2006,10,25,24,C,1,28.20,38.0,7.8,7.3,8.1
2006-11-06,2006,11,6,1,C,4,27.80,34.0,11.2,7.2,6.8
2006-11-06,2006,11,6,2,H,3,46.20,35.0,12.8,11.9,11.7
2006-11-06,2006,11,6,3,HN,6,29.70,34.0,13.1,11.7,11.4
2006-11-06,2006,11,6,4,HN,3,57.10,35.0,11.3,12.7,13.5
2006-11-06,2006,11,6,5,H,5,89.90,25.0,10.5,11.3,11.5
2006-11-06,2006,11,6,6,N,1,19.00,37.0,10.9,6.3,6.2
2006-11-06,2006,11,6,7,HN,5,24.70,33.0,11.1,9.7,9.8
2006-11-06,2006,11,6,8,H,2,26.10,36.0,9.7,10.2,10.9
2006-11-06,2006,11,6,9,N,5,39.20,38.0,7.5,7.9,8.4
2006-11-06,2006,11,6,10,HN,1,39.70,35.0,9.1,9.9,11.7
2006-11-06,2006,11,6,11,N,4,30.10,31.0,11.1,6.9,6.7
2006-11-06,2006,11,6,12,C,2,28.50,32.0,8.7,5.9,6.2
2006-11-06,2006,11,6,13,H,1,60.20,33.0,8.6,9.9,11.0
2006-11-06,2006,11,6,14,C,3,31.10,37.0,12.3,6.8,7.1
2006-11-06,2006,11,6,15,HN,2,49.70,30.0,11.6,9.5,11.1
2006-11-06,2006,11,6,16,N,2,20.90,27.0,10.9,6.5,6.5
2006-11-06,2006,11,6,17,HN,4,36.60,30.0,16.1,10.3,10.9
2006-11-06,2006,11,6,18,H,4,41.80,32.0,13.6,10.6,11.4
2006-11-06,2006,11,6,19,C,5,20.20,27.0,11.4,7.4,7.1
2006-11-06,2006,11,6,20,C,6,28.60,35.0,12.7,7.9,7.3
2006-11-06,2006,11,6,21,N,3,24.60,28.0,10.7,6.4,6.1
2006-11-06,2006,11,6,22,H,6,37.00,28.0,12.2,9.7,10.3
2006-11-06,2006,11,6,23,N,6,35.30,32.0,11.9,7.4,6.9
2006-11-06,2006,11,6,24,C,1,17.40,28.0,7.9,6.1,6.3
2007-05-15,2007,5,15,1,C,4,42.84,31.0,29.6,11.4,10.5
2007-05-15,2007,5,15,2,H,3,59.61,40.3,20.9,15.7,14.8
2007-05-15,2007,5,15,3,HN,6,73.79,34.3,30.2,18.4,17.7
2007-05-15,2007,5,15,4,HN,3,69.49,31.3,20.4,17.8,15.5
2007-05-15,2007,5,15,5,H,5,113.52,31.3,25.9,18.3,18.0
2007-05-15,2007,5,15,6,N,1,27.89,33.3,16.3,10.8,10.3
2007-05-15,2007,5,15,7,HN,5,76.71,36.0,31.5,16.7,16.1
2007-05-15,2007,5,15,8,H,2,46.87,36.0,16.7,15.9,15.9
2007-05-15,2007,5,15,9,N,5,42.59,36.7,27.0,12.5,10.9
2007-05-15,2007,5,15,10,HN,1,54.67,44.7,17.3,16.0,16.0
2007-05-15,2007,5,15,11,N,4,47.22,32.3,29.7,13.4,10.9
2007-05-15,2007,5,15,12,C,2,26.82,37.0,18.4,11.0,10.0
2007-05-15,2007,5,15,13,H,1,72.91,31.7,18.8,15.9,16.3
2007-05-15,2007,5,15,14,C,3,44.85,48.0,17.8,12.2,10.1
2007-05-15,2007,5,15,15,HN,2,55.13,39.0,17.8,16.7,16.7
2007-05-15,2007,5,15,16,N,2,33.41,43.0,15.9,10.8,10.7
2007-05-15,2007,5,15,17,HN,4,54.11,43.0,32.0,16.2,14.9
2007-05-15,2007,5,15,18,H,4,58.13,27.7,31.2,17.9,17.3
2007-05-15,2007,5,15,19,C,5,26.04,27.3,30.2,11.8,11.0
2007-05-15,2007,5,15,20,C,6,37.48,44.3,27.0,12.9,10.9
2007-05-15,2007,5,15,21,N,3,25.03,35.3,18.3,10.6,10.1
2007-05-15,2007,5,15,22,H,6,51.62,30.0,29.0,15.3,14.8
2007-05-15,2007,5,15,23,N,6,33.14,27.3,33.1,11.9,10.5
2007-05-15,2007,5,15,24,C,1,28.86,27.7,14.9,9.9,9.6
2007-05-21,2007,5,21,1,C,4,50.26,44.3,18.6,10.5,10.0
2007-05-21,2007,5,21,2,H,3,70.16,51.0,13.9,14.3,13.8
2007-05-21,2007,5,21,3,HN,6,65.26,53.3,20.7,15.3,14.6
2007-05-21,2007,5,21,4,HN,3,51.45,48.3,13.3,10.1,9.8
2007-05-21,2007,5,21,5,H,5,103.57,46.3,16.7,15.7,15.7
2007-05-21,2007,5,21,6,N,1,39.53,57.3,13.5,10.3,9.9
2007-05-21,2007,5,21,7,HN,5,82.36,49.3,18.0,15.5,15.1
2007-05-21,2007,5,21,8,H,2,47.92,59.7,12.6,14.1,14.3
2007-05-21,2007,5,21,9,N,5,45.53,43.7,19.6,11.3,10.0
2007-05-21,2007,5,21,10,HN,1,59.61,55.0,13.1,15.3,15.3
2007-05-21,2007,5,21,11,N,4,62.33,56.0,19.3,11.1,10.5
2007-05-21,2007,5,21,12,C,2,31.34,57.3,15.2,10.1,9.8
2007-05-21,2007,5,21,13,H,1,62.80,57.0,13.4,15.1,14.9
2007-05-21,2007,5,21,14,C,3,47.09,47.7,13.9,10.0,9.5
2007-05-21,2007,5,21,15,HN,2,64.71,54.3,13.9,15.4,15.1
2007-05-21,2007,5,21,16,N,2,42.91,63.3,13.2,10.5,9.7
2007-05-21,2007,5,21,17,HN,4,55.03,62.3,20.6,14.0,13.6
2007-05-21,2007,5,21,18,H,4,63.43,46.3,21.6,16.1,15.5
2007-05-21,2007,5,21,19,C,5,22.76,38.0,20.6,11.4,10.3
2007-05-21,2007,5,21,20,C,6,58.39,59.7,23.4,10.8,10.2
2007-05-21,2007,5,21,21,N,3,38.57,52.0,13.5,10.1,9.5
2007-05-21,2007,5,21,22,H,6,50.40,44.7,18.7,13.6,13.2
2007-05-21,2007,5,21,23,N,6,46.14,47.0,19.7,11.2,10.4
2007-05-21,2007,5,21,24,C,1,30.68,57.7,12.3,9.6,9.3
2007-06-11,2007,6,11,1,C,4,99.62,33.0,19.1,13.7,13.4
2007-06-11,2007,6,11,2,H,3,121.22,31.0,19.3,19.2,18.5
2007-06-11,2007,6,11,3,HN,6,131.19,28.0,20.7,19.7,19.4
2007-06-11,2007,6,11,4,HN,3,142.96,31.7,18.7,18.9,18.8
2007-06-11,2007,6,11,5,H,5,191.55,29.3,20.1,22.7,22.6
2007-06-11,2007,6,11,6,N,1,78.59,31.0,18.4,14.9,13.9
2007-06-11,2007,6,11,7,HN,5,197.75,29.0,21.1,25.1,24.8
2007-06-11,2007,6,11,8,H,2,102.57,30.0,19.2,19.9,19.5
2007-06-11,2007,6,11,9,N,5,112.59,27.7,20.7,15.2,14.6
2007-06-11,2007,6,11,10,HN,1,117.22,33.3,19.1,20.4,19.5
2007-06-11,2007,6,11,11,N,4,104.76,30.3,19.7,14.7,14.2
2007-06-11,2007,6,11,12,C,2,72.92,30.0,19.1,14.5,13.6
2007-06-11,2007,6,11,13,H,1,166.67,31.3,19.5,21.2,19.6
2007-06-11,2007,6,11,14,C,3,103.31,31.7,18.7,14.1,13.7
2007-06-11,2007,6,11,15,HN,2,125.00,32.3,18.1,19.7,19.9
2007-06-11,2007,6,11,16,N,2,92.17,39.3,18.5,13.9,13.6
2007-06-11,2007,6,11,18,H,4,102.14,35.0,19.6,19.8,19.7
2007-06-11,2007,6,11,19,C,5,54.09,27.7,20.7,14.7,13.9
2007-06-11,2007,6,11,20,C,6,100.57,34.7,20.6,14.3,14.0
2007-06-11,2007,6,11,21,N,3,88.92,29.7,19.7,14.0,13.3
2007-06-11,2007,6,11,22,H,6,113.12,23.7,20.6,18.5,18.4
2007-06-11,2007,6,11,23,N,6,75.96,28.7,20.6,14.7,13.5
2007-06-11,2007,6,11,24,C,1,84.36,25.0,19.3,13.5,12.7
2007-06-27,2007,6,27,1,C,4,130.82,24.7,24.8,18.0,16.7
2007-06-27,2007,6,27,2,H,3,145.65,24.7,26.1,22.7,21.6
2007-06-27,2007,6,27,3,HN,6,209.26,23.7,26.3,29.5,28.1
2007-06-27,2007,6,27,4,HN,3,181.62,21.7,26.1,21.3,20.4
2007-06-27,2007,6,27,5,H,5,201.75,19.0,26.1,24.1,23.7
2007-06-27,2007,6,27,6,N,1,98.78,22.3,26.1,18.5,17.6
2007-06-27,2007,6,27,7,HN,5,164.02,22.7,26.1,25.0,23.0
2007-06-27,2007,6,27,8,H,2,136.57,24.3,26.3,23.1,22.4
2007-06-27,2007,6,27,9,N,5,134.77,16.7,25.9,18.5,17.6
2007-06-27,2007,6,27,10,HN,1,133.19,33.0,26.5,23.6,23.2
2007-06-27,2007,6,27,11,N,4,109.84,27.0,26.1,18.2,17.1
2007-06-27,2007,6,27,12,C,2,90.05,25.0,25.9,17.9,17.3
2007-06-27,2007,6,27,13,H,1,218.34,20.7,26.4,23.5,22.3
2007-06-27,2007,6,27,14,C,3,125.11,30.3,26.4,17.6,16.0
2007-06-27,2007,6,27,15,HN,2,132.39,29.0,26.7,24.1,23.7
2007-06-27,2007,6,27,16,N,2,117.77,29.0,25.8,17.2,16.3
2007-06-27,2007,6,27,17,HN,4,103.93,29.7,26.4,22.6,21.2
2007-06-27,2007,6,27,18,H,4,94.31,27.0,25.6,22.2,21.5
2007-06-27,2007,6,27,19,C,5,63.56,23.7,23.6,18.2,17.3
2007-06-27,2007,6,27,20,C,6,126.32,29.0,26.3,18.1,17.1
2007-06-27,2007,6,27,21,N,3,101.43,25.0,26.1,17.4,16.7
2007-06-27,2007,6,27,22,H,6,102.47,22.3,26.3,21.3,21.0
2007-06-27,2007,6,27,23,N,6,76.92,19.7,26.4,18.3,16.1
2007-06-27,2007,6,27,24,C,1,76.43,16.7,24.2,16.3,15.9
2007-07-09,2007,7,9,1,C,4,152.35,38.3,20.9,16.9,16.4
2007-07-09,2007,7,9,2,H,3,157.30,38.3,20.5,20.6,22.1
2007-07-09,2007,7,9,3,HN,6,216.17,38.7,23.3,22.6,21.9
2007-07-09,2007,7,9,4,HN,3,175.44,28.0,21.2,21.1,21.1
2007-07-09,2007,7,9,5,H,5,190.97,33.7,21.9,23.8,24.6
2007-07-09,2007,7,9,6,N,1,114.30,40.0,25.2,17.6,16.8
2007-07-09,2007,7,9,7,HN,5,159.10,32.0,24.4,22.3,22.5
2007-07-09,2007,7,9,8,H,2,163.89,28.7,22.5,21.7,22.4
2007-07-09,2007,7,9,9,N,5,135.57,32.3,22.6,17.0,16.5
2007-07-09,2007,7,9,10,HN,1,155.91,43.0,21.5,21.7,23.3
2007-07-09,2007,7,9,11,N,4,145.33,37.3,20.6,17.5,16.7
2007-07-09,2007,7,9,12,C,2,114.74,34.0,20.6,17.5,16.7
2007-07-09,2007,7,9,13,H,1,206.43,31.0,20.8,22.5,22.3
2007-07-09,2007,7,9,14,C,3,147.08,40.7,20.0,17.3,16.1
2007-07-09,2007,7,9,15,HN,2,157.33,32.3,20.4,23.5,22.8
2007-07-09,2007,7,9,16,N,2,140.75,41.3,20.4,16.9,16.3
2007-07-09,2007,7,9,17,HN,4,120.01,29.0,21.0,22.7,22.4
2007-07-09,2007,7,9,18,H,4,124.49,36.3,22.8,22.5,22.1
2007-07-09,2007,7,9,19,C,5,79.77,32.3,21.5,17.1,16.1
2007-07-09,2007,7,9,20,C,6,144.30,43.7,22.3,17.3,16.5
2007-07-09,2007,7,9,21,N,3,144.85,41.0,20.5,17.6,16.5
2007-07-09,2007,7,9,22,H,6,116.49,29.0,22.5,21.0,21.1
2007-07-09,2007,7,9,23,N,6,128.51,32.0,23.0,17.1,16.5
2007-07-09,2007,7,9,24,C,1,77.75,34.7,21.0,16.8,15.9
2007-07-23,2007,7,23,1,C,4,141.73,31.3,20.5,17.3,16.6
2007-07-23,2007,7,23,2,H,3,145.00,29.3,19.6,20.4,21.1
2007-07-23,2007,7,23,3,HN,6,143.58,26.3,20.4,21.6,21.8
2007-07-23,2007,7,23,4,HN,3,198.53,25.7,20.7,23.5,23.4
2007-07-23,2007,7,23,5,H,5,172.56,23.0,19.9,23.1,23.5
2007-07-23,2007,7,23,6,N,1,114.77,33.0,20.2,17.5,17.4
2007-07-23,2007,7,23,7,HN,5,149.02,26.7,19.0,21.1,21.9
2007-07-23,2007,7,23,8,H,2,176.90,27.3,19.3,21.8,22.2
2007-07-23,2007,7,23,9,N,5,127.28,22.3,18.9,17.1,16.9
2007-07-23,2007,7,23,10,HN,1,147.00,33.0,18.7,22.7,23.6
2007-07-23,2007,7,23,11,N,4,140.20,30.7,20.8,17.6,17.2
2007-07-23,2007,7,23,12,C,2,105.58,29.0,19.3,17.3,16.9
2007-07-23,2007,7,23,13,H,1,232.06,NA,18.8,21.5,21.3
2007-07-23,2007,7,23,14,C,3,135.62,NA,19.7,16.5,16.4
2007-07-23,2007,7,23,15,HN,2,36.30,NA,19.3,21.7,21.5
2007-07-23,2007,7,23,16,N,2,164.17,NA,19.4,17.4,17.0
2007-07-23,2007,7,23,17,HN,4,101.45,27.3,20.2,21.3,21.6
2007-07-23,2007,7,23,18,H,4,109.16,30.0,19.0,21.2,22.7
2007-07-23,2007,7,23,19,C,5,62.41,26.0,18.8,17.7,16.9
2007-07-23,2007,7,23,20,C,6,130.63,NA,20.2,17.1,16.7
2007-07-23,2007,7,23,21,N,3,132.48,NA,19.4,17.0,16.7
2007-07-23,2007,7,23,22,H,6,99.30,NA,19.9,20.6,20.9
2007-07-23,2007,7,23,23,N,6,106.80,NA,19.8,17.4,16.7
2007-07-23,2007,7,23,24,C,1,87.27,NA,18.3,16.5,15.8
2007-08-14,2007,8,14,1,C,4,109.00,NA,20.1,19.8,17.2
2007-08-14,2007,8,14,2,H,3,87.05,NA,21.1,21.5,22.3
2007-08-14,2007,8,14,3,HN,6,187.06,NA,21.5,26.0,26.1
2007-08-14,2007,8,14,4,HN,3,153.51,NA,20.9,22.1,22.5
2007-08-14,2007,8,14,5,H,5,128.34,NA,20.6,23.5,24.2
2007-08-14,2007,8,14,6,N,1,109.67,NA,20.4,18.4,17.7
2007-08-14,2007,8,14,7,HN,5,147.63,NA,28.0,23.9,23.8
2007-08-14,2007,8,14,8,H,2,91.34,NA,19.8,23.4,22.7
2007-08-14,2007,8,14,9,N,5,116.86,NA,21.5,19.2,18.1
2007-08-14,2007,8,14,10,HN,1,125.77,NA,20.3,24.7,25.4
2007-08-14,2007,8,14,11,N,4,103.16,NA,20.5,17.8,17.6
2007-08-14,2007,8,14,12,C,2,97.37,NA,21.1,17.6,17.5
2007-08-14,2007,8,14,13,H,1,154.61,NA,20.2,21.6,21.6
2007-08-14,2007,8,14,14,C,3,167.89,NA,19.8,17.3,17.2
2007-08-14,2007,8,14,15,HN,2,104.72,NA,19.8,22.0,22.1
2007-08-14,2007,8,14,16,N,2,145.85,NA,22.4,17.7,17.5
2007-08-14,2007,8,14,17,HN,4,98.31,NA,21.0,22.0,22.1
2007-08-14,2007,8,14,18,H,4,94.33,NA,21.2,22.6,23.2
2007-08-14,2007,8,14,19,C,5,60.21,NA,21.0,17.6,17.4
2007-08-14,2007,8,14,20,C,6,117.55,NA,20.6,17.9,17.4
2007-08-14,2007,8,14,21,N,3,106.48,NA,20.2,17.1,17.0
2007-08-14,2007,8,14,22,H,6,88.84,NA,20.3,19.7,20.1
2007-08-14,2007,8,14,23,N,6,102.80,NA,19.5,17.6,17.4
2007-08-14,2007,8,14,24,C,1,65.71,NA,20.4,18.9,16.8
2007-08-31,2007,8,31,1,C,4,77.23,6.8,20.6,19.0,18.4
2007-08-31,2007,8,31,2,H,3,53.28,5.6,20.8,22.7,23.0
2007-08-31,2007,8,31,3,HN,6,68.12,7.4,24.3,24.2,23.5
2007-08-31,2007,8,31,4,HN,3,90.40,6.2,20.9,21.3,21.4
2007-08-31,2007,8,31,5,H,5,70.81,5.6,21.5,23.6,24.1
2007-08-31,2007,8,31,6,N,1,73.45,8.6,22.0,18.8,19.0
2007-08-31,2007,8,31,7,HN,5,78.04,6.8,21.3,22.7,22.8
2007-08-31,2007,8,31,8,H,2,54.38,6.6,21.1,22.9,24.0
2007-08-31,2007,8,31,9,N,5,77.34,6.6,21.1,19.2,18.7
2007-08-31,2007,8,31,10,HN,1,71.01,6.8,20.4,24.6,25.1
2007-08-31,2007,8,31,11,N,4,55.32,8.6,21.1,19.1,18.6
2007-08-31,2007,8,31,12,C,2,59.68,8.6,20.4,19.0,18.4
2007-08-31,2007,8,31,13,H,1,102.06,7.6,20.7,24.5,24.5
2007-08-31,2007,8,31,14,C,3,73.05,9.0,20.5,19.5,18.3
2007-08-31,2007,8,31,15,HN,2,89.36,8.0,20.8,22.8,23.1
2007-08-31,2007,8,31,16,N,2,79.28,8.0,20.9,19.2,18.8
2007-08-31,2007,8,31,17,HN,4,54.94,7.4,21.2,21.9,21.7
2007-08-31,2007,8,31,18,H,4,56.86,6.8,21.5,23.5,23.8
2007-08-31,2007,8,31,19,C,5,40.36,6.2,22.2,18.8,18.2
2007-08-31,2007,8,31,20,C,6,59.10,8.4,22.0,19.0,18.3
2007-08-31,2007,8,31,21,N,3,61.31,7.8,21.8,18.8,18.3
2007-08-31,2007,8,31,22,H,6,66.62,7.6,21.9,21.7,22.0
2007-08-31,2007,8,31,23,N,6,58.69,6.4,22.4,19.2,19.1
2007-08-31,2007,8,31,24,C,1,55.23,8.0,20.0,18.8,17.9
2007-09-10,2007,9,10,1,C,4,91.70,10.7,17.3,16.6,16.6
2007-09-10,2007,9,10,2,H,3,94.18,14.3,18.0,21.5,22.4
2007-09-10,2007,9,10,3,HN,6,62.93,10.3,17.8,23.4,24.2
2007-09-10,2007,9,10,4,HN,3,78.50,9.7,17.7,20.9,21.8
2007-09-10,2007,9,10,5,H,5,77.71,10.7,17.7,20.8,22.1
2007-09-10,2007,9,10,6,N,1,86.44,14.3,18.1,17.1,17.1
2007-09-10,2007,9,10,7,HN,5,84.85,11.0,17.4,20.4,21.1
2007-09-10,2007,9,10,8,H,2,84.32,14.3,18.0,20.5,22.2
2007-09-10,2007,9,10,9,N,5,68.36,8.3,17.0,17.1,17.1
2007-09-10,2007,9,10,10,HN,1,102.64,13.0,17.8,22.7,23.7
2007-09-10,2007,9,10,11,N,4,90.06,11.7,17.5,17.0,16.9
2007-09-10,2007,9,10,12,C,2,62.67,11.7,17.0,16.9,16.7
2007-09-10,2007,9,10,13,H,1,148.98,10.3,17.0,20.9,21.3
2007-09-10,2007,9,10,14,C,3,121.31,8.7,16.5,16.5,16.5
2007-09-10,2007,9,10,15,HN,2,85.31,9.7,17.0,21.8,22.4
2007-09-10,2007,9,10,16,N,2,117.04,17.3,16.6,17.0,17.0
2007-09-10,2007,9,10,17,HN,4,63.73,13.3,17.8,20.5,22.0
2007-09-10,2007,9,10,18,H,4,84.25,9.7,17.7,22.2,23.0
2007-09-10,2007,9,10,19,C,5,58.02,11.3,17.1,17.0,16.8
2007-09-10,2007,9,10,20,C,6,59.71,14.0,17.3,16.7,16.5
2007-09-10,2007,9,10,21,N,3,132.09,13.0,17.3,16.3,16.5
2007-09-10,2007,9,10,22,H,6,60.76,10.0,17.7,21.0,21.9
2007-09-10,2007,9,10,23,N,6,47.58,12.3,17.6,16.8,16.5
2007-09-10,2007,9,10,24,C,1,62.91,11.7,16.5,16.1,16.1
2007-09-22,2007,9,22,1,C,4,68.29,11.7,18.3,15.7,15.4
2007-09-22,2007,9,22,2,H,3,89.99,10.3,18.3,20.9,21.0
2007-09-22,2007,9,22,3,HN,6,71.16,10.0,19.9,22.3,22.3
2007-09-22,2007,9,22,4,HN,3,121.30,8.3,18.3,20.9,21.0
2007-09-22,2007,9,22,5,H,5,81.75,8.7,19.7,20.6,20.8
2007-09-22,2007,9,22,6,N,1,80.67,12.7,18.9,16.3,15.6
2007-09-22,2007,9,22,7,HN,5,94.72,9.0,20.0,20.1,20.1
2007-09-22,2007,9,22,8,H,2,51.09,8.7,17.9,20.6,21.3
2007-09-22,2007,9,22,9,N,5,80.43,6.7,20.0,17.1,16.1
2007-09-22,2007,9,22,10,HN,1,71.63,9.0,17.6,22.1,23.5
2007-09-22,2007,9,22,11,N,4,71.54,11.3,18.3,17.1,16.2
2007-09-22,2007,9,22,12,C,2,53.33,12.0,16.8,15.7,15.4
2007-09-22,2007,9,22,13,H,1,134.31,10.0,17.7,19.8,20.2
2007-09-22,2007,9,22,14,C,3,78.47,14.0,18.3,18.0,15.4
2007-09-22,2007,9,22,15,HN,2,82.44,10.0,17.6,20.5,21.6
2007-09-22,2007,9,22,16,N,2,86.19,11.0,16.8,15.8,15.3
2007-09-22,2007,9,22,17,HN,4,75.02,10.7,18.7,20.7,21.6
2007-09-22,2007,9,22,18,H,4,57.10,9.7,18.8,19.7,20.2
2007-09-22,2007,9,22,19,C,5,44.17,9.0,19.6,16.5,15.5
2007-09-22,2007,9,22,20,C,6,61.46,13.3,19.9,16.5,15.5
2007-09-22,2007,9,22,21,N,3,67.08,10.0,18.6,15.9,15.5
2007-09-22,2007,9,22,22,H,6,85.33,10.7,19.7,20.2,20.1
2007-09-22,2007,9,22,23,N,6,70.47,8.3,19.8,16.9,15.6
2007-09-22,2007,9,22,24,C,1,60.52,9.7,16.9,15.3,14.6
2007-10-24,2007,10,24,1,C,4,72.93,17.7,18.9,14.7,14.9
2007-10-24,2007,10,24,2,H,3,100.74,16.3,19.4,20.0,20.2
2007-10-24,2007,10,24,3,HN,6,77.73,11.7,19.7,20.8,21.0
2007-10-24,2007,10,24,4,HN,3,141.92,12.3,19.0,20.6,20.4
2007-10-24,2007,10,24,5,H,5,97.98,12.3,19.2,20.7,20.8
2007-10-24,2007,10,24,6,N,1,69.11,17.7,18.6,14.7,14.2
2007-10-24,2007,10,24,7,HN,5,103.64,12.0,19.5,19.5,19.1
2007-10-24,2007,10,24,8,H,2,78.16,13.7,18.8,19.9,20.6
2007-10-24,2007,10,24,9,N,5,93.94,12.3,19.6,16.1,14.7
2007-10-24,2007,10,24,10,HN,1,95.51,15.0,18.4,22.8,21.7
2007-10-24,2007,10,24,11,N,4,90.75,13.7,19.3,14.7,14.4
2007-10-24,2007,10,24,12,C,2,55.72,16.0,18.1,14.6,13.9
2007-10-24,2007,10,24,13,H,1,128.66,13.7,19.0,19.6,20.3
2007-10-24,2007,10,24,14,C,3,79.55,18.7,19.1,15.3,14.5
2007-10-24,2007,10,24,15,HN,2,94.08,13.3,18.4,21.8,22.4
2007-10-24,2007,10,24,16,N,2,80.48,15.7,18.1,15.3,14.2
2007-10-24,2007,10,24,17,HN,4,77.77,13.7,19.0,22.2,22.1
2007-10-24,2007,10,24,18,H,4,67.29,14.3,18.9,19.6,20.1
2007-10-24,2007,10,24,19,C,5,44.13,14.7,19.5,15.1,14.3
2007-10-24,2007,10,24,20,C,6,68.51,17.7,20.5,14.7,14.3
2007-10-24,2007,10,24,21,N,3,66.06,16.7,18.5,15.5,14.6
2007-10-24,2007,10,24,22,H,6,90.32,15.0,20.0,19.1,19.8
2007-10-24,2007,10,24,23,N,6,74.69,13.0,19.6,15.7,14.5
2007-10-24,2007,10,24,24,C,1,55.70,12.3,18.1,14.2,13.9
2007-11-02,2007,11,2,1,C,4,43.01,19.0,11.0,9.4,9.6
2007-11-02,2007,11,2,2,H,3,58.17,19.3,12.9,15.0,15.7
2007-11-02,2007,11,2,3,HN,6,56.48,15.0,11.0,14.4,15.6
2007-11-02,2007,11,2,4,HN,3,82.34,14.3,11.9,15.0,15.8
2007-11-02,2007,11,2,5,H,5,54.86,15.3,10.3,12.9,14.1
2007-11-02,2007,11,2,6,N,1,45.52,19.0,10.4,8.7,9.2
2007-11-02,2007,11,2,7,HN,5,63.05,18.3,10.5,12.3,13.2
2007-11-02,2007,11,2,8,H,2,63.65,18.3,11.0,13.3,14.5
2007-11-02,2007,11,2,9,N,5,54.76,15.3,11.1,9.2,9.9
2007-11-02,2007,11,2,10,HN,1,68.13,19.0,11.3,17.0,17.8
2007-11-02,2007,11,2,11,N,4,45.36,18.3,11.1,9.4,9.5
2007-11-02,2007,11,2,12,C,2,34.48,21.7,13.8,8.7,9.1
2007-11-02,2007,11,2,13,H,1,67.88,14.0,10.1,11.4,12.6
2007-11-02,2007,11,2,14,C,3,52.42,21.3,14.3,9.4,10.2
2007-11-02,2007,11,2,15,HN,2,69.30,14.3,11.9,13.5,13.9
2007-11-02,2007,11,2,16,N,2,51.10,20.0,12.3,9.1,9.4
2007-11-02,2007,11,2,17,HN,4,51.63,18.0,11.9,14.3,15.2
2007-11-02,2007,11,2,18,H,4,43.27,16.7,10.6,12.9,14.3
2007-11-02,2007,11,2,19,C,5,29.91,16.7,11.4,9.7,9.5
2007-11-02,2007,11,2,20,C,6,31.39,24.3,9.5,8.7,9.7
2007-11-02,2007,11,2,21,N,3,37.35,18.3,11.5,9.7,9.8
2007-11-02,2007,11,2,22,H,6,37.38,15.3,9.7,12.9,14.2
2007-11-02,2007,11,2,23,N,6,60.16,18.0,9.2,8.0,9.1
2007-11-02,2007,11,2,24,C,1,33.37,17.0,10.4,9.3,9.5
2007-11-12,2007,11,12,1,C,4,42.88,25.0,9.9,7.3,7.3
2007-11-12,2007,11,12,2,H,3,54.82,26.0,10.1,11.1,11.9
2007-11-12,2007,11,12,3,HN,6,48.24,19.7,9.7,11.8,12.1
2007-11-12,2007,11,12,4,HN,3,70.14,20.7,10.3,12.5,12.8
2007-11-12,2007,11,12,5,H,5,52.11,18.7,9.7,11.1,11.2
2007-11-12,2007,11,12,6,N,1,43.64,25.3,11.0,7.4,7.0
2007-11-12,2007,11,12,7,HN,5,52.43,20.0,9.9,10.2,10.3
2007-11-12,2007,11,12,8,H,2,56.37,21.3,10.9,10.9,11.4
2007-11-12,2007,11,12,9,N,5,50.14,19.3,9.3,7.4,7.6
2007-11-12,2007,11,12,10,HN,1,63.23,19.7,10.4,12.7,13.5
2007-11-12,2007,11,12,11,N,4,51.41,22.7,10.6,7.6,7.7
2007-11-12,2007,11,12,12,C,2,38.83,23.7,9.2,7.0,6.8
2007-11-12,2007,11,12,13,H,1,68.80,19.0,10.0,10.6,10.8
2007-11-12,2007,11,12,14,C,3,47.65,26.3,10.9,7.8,7.7
2007-11-12,2007,11,12,15,HN,2,58.55,24.0,10.6,12.2,12.5
2007-11-12,2007,11,12,16,N,2,52.74,26.0,10.7,7.1,6.7
2007-11-12,2007,11,12,17,HN,4,50.39,21.7,10.9,11.1,11.5
2007-11-12,2007,11,12,18,H,4,41.61,21.7,10.5,10.6,11.1
2007-11-12,2007,11,12,19,C,5,35.27,18.7,9.5,7.5,7.1
2007-11-12,2007,11,12,20,C,6,38.31,24.7,9.8,7.5,7.4
2007-11-12,2007,11,12,21,N,3,37.87,21.7,10.2,7.7,7.1
2007-11-12,2007,11,12,22,H,6,47.86,18.7,9.7,10.6,11.0
2007-11-12,2007,11,12,23,N,6,47.60,20.3,9.5,7.3,6.9
2007-11-12,2007,11,12,24,C,1,38.21,24.3,9.4,6.7,6.5
2007-12-07,2007,12,7,1,C,4,11.77,13.0,-2.2,2.1,1.2
2007-12-07,2007,12,7,2,H,3,18.29,14.3,-3.0,2.1,7.0
2007-12-07,2007,12,7,3,HN,6,17.57,14.3,-3.0,6.1,9.2
2007-12-07,2007,12,7,4,HN,3,30.14,NA,-0.7,5.4,7.9
2007-12-07,2007,12,7,5,H,5,21.05,NA,-2.4,5.7,6.5
2007-12-07,2007,12,7,6,N,1,7.28,NA,-3.0,-0.5,1.6
2007-12-07,2007,12,7,7,HN,5,20.50,NA,-2.9,5.2,6.0
2007-12-07,2007,12,7,8,H,2,19.72,NA,-3.2,5.9,6.5
2007-12-07,2007,12,7,9,N,5,14.97,NA,-3.1,-0.5,6.0
2007-12-07,2007,12,7,10,HN,1,29.16,NA,-3.1,9.3,10.1
2007-12-07,2007,12,7,11,N,4,10.96,NA,-3.7,2.1,2.1
2007-12-07,2007,12,7,12,C,2,8.90,NA,-2.6,-1.7,0.4
2007-12-07,2007,12,7,13,H,1,24.04,NA,-3.0,4.0,6.7
2007-12-07,2007,12,7,14,C,3,18.18,NA,-3.3,1.7,2.3
2007-12-07,2007,12,7,15,HN,2,22.54,NA,-2.9,5.7,7.1
2007-12-07,2007,12,7,16,N,2,6.86,NA,-3.0,-0.3,1.4
2007-12-07,2007,12,7,17,HN,4,16.64,NA,-3.1,5.5,6.5
2007-12-07,2007,12,7,18,H,4,14.79,NA,-2.4,6.3,6.0
2007-12-07,2007,12,7,19,C,5,10.57,NA,-3.1,-1.0,0.3
2007-12-07,2007,12,7,20,C,6,11.42,NA,-3.1,0.7,2.0
2007-12-07,2007,12,7,21,N,3,8.87,NA,-3.1,0.4,2.7
2007-12-07,2007,12,7,22,H,6,21.42,NA,-2.8,5.4,6.5
2007-12-07,2007,12,7,23,N,6,12.91,NA,-3.1,-1.0,0.3
2007-12-07,2007,12,7,24,C,1,13.46,NA,-2.8,0.3,1.3
2007-12-18,2007,12,18,1,C,4,24.46,NA,-4.0,0.1,1.5
2007-12-18,2007,12,18,2,H,3,30.08,NA,-3.5,7.0,8.1
2007-12-18,2007,12,18,3,HN,6,24.36,NA,-2.2,7.7,7.5
2007-12-18,2007,12,18,4,HN,3,34.94,NA,-3.9,6.4,8.4
2007-12-18,2007,12,18,5,H,5,29.34,NA,-3.9,5.7,6.6
2007-12-18,2007,12,18,6,N,1,22.96,NA,-3.9,1.0,0.5
2007-12-18,2007,12,18,7,HN,5,34.28,NA,-4.2,6.1,6.8
2007-12-18,2007,12,18,8,H,2,31.50,NA,-4.2,4.9,6.5
2007-12-18,2007,12,18,9,N,5,24.55,NA,-4.7,-1.0,0.5
2007-12-18,2007,12,18,10,HN,1,33.35,NA,1.0,7.0,8.4
2007-12-18,2007,12,18,12,C,2,13.65,NA,-4.0,-0.5,0.7
2007-12-18,2007,12,18,13,H,1,50.68,NA,-5.0,2.3,5.7
2007-12-18,2007,12,18,14,C,3,21.81,NA,-2.6,-0.2,2.1
2007-12-18,2007,12,18,15,HN,2,41.26,NA,-4.1,4.8,6.5
2007-12-18,2007,12,18,16,N,2,28.86,NA,-4.7,-0.2,1.4
2007-12-18,2007,12,18,17,HN,4,24.37,NA,-4.5,5.5,7.1
2007-12-18,2007,12,18,18,H,4,23.24,NA,-4.9,5.2,6.9
2007-12-18,2007,12,18,19,C,5,18.72,NA,-4.2,0.3,1.2
2007-12-18,2007,12,18,20,C,6,27.49,NA,-4.5,0.0,1.9
2007-12-18,2007,12,18,22,H,6,30.02,NA,-4.4,4.0,6.3
2007-12-18,2007,12,18,24,C,1,25.58,NA,-3.7,-0.7,1.9
2008-01-10,2008,1,10,1,C,4,29.01,NA,1.7,1.5,1.9
2008-01-10,2008,1,10,2,H,3,25.42,NA,3.5,7.2,8.2
2008-01-10,2008,1,10,3,HN,6,18.14,NA,5.6,7.3,8.2
2008-01-10,2008,1,10,4,HN,3,24.67,NA,5.4,6.9,8.3
2008-01-10,2008,1,10,5,H,5,20.43,NA,3.7,6.9,7.6
2008-01-10,2008,1,10,6,N,1,26.84,NA,0.5,1.0,1.4
2008-01-10,2008,1,10,7,HN,5,23.88,NA,6.1,6.9,7.0
2008-01-10,2008,1,10,8,H,2,24.75,NA,1.9,7.1,7.7
2008-01-10,2008,1,10,9,N,5,23.40,NA,-0.4,0.7,2.1
2008-01-10,2008,1,10,10,HN,1,25.34,NA,3.1,7.6,9.3
2008-01-10,2008,1,10,11,N,4,25.25,NA,3.5,1.9,2.4
2008-01-10,2008,1,10,12,C,2,16.71,NA,-0.5,0.5,1.3
2008-01-10,2008,1,10,13,H,1,30.57,NA,0.7,6.4,7.2
2008-01-10,2008,1,10,14,C,3,25.80,NA,-0.5,1.5,2.1
2008-01-10,2008,1,10,15,HN,2,13.49,NA,1.9,1.5,2.6
2008-01-10,2008,1,10,16,N,2,19.09,NA,-0.5,1.0,1.4
2008-01-10,2008,1,10,17,HN,4,20.19,NA,3.5,6.2,7.1
2008-01-10,2008,1,10,18,H,4,16.09,NA,5.6,6.0,6.9
2008-01-10,2008,1,10,19,C,5,16.91,NA,0.7,1.7,1.9
2008-01-10,2008,1,10,20,C,6,17.84,NA,-0.3,1.7,2.2
2008-01-10,2008,1,10,21,N,3,16.36,NA,4.2,1.0,1.4
2008-01-10,2008,1,10,22,H,6,22.70,NA,3.3,6.6,7.6
2008-01-10,2008,1,10,23,N,6,23.18,NA,-0.7,1.6,2.1
2008-01-10,2008,1,10,24,C,1,15.00,NA,1.5,1.4,2.4
2008-01-31,2008,1,31,1,C,4,19.86,NA,-4.4,-0.1,0.8
2008-01-31,2008,1,31,2,H,3,12.07,NA,-3.2,5.6,7.4
2008-01-31,2008,1,31,3,HN,6,11.05,NA,-2.3,4.5,6.3
2008-01-31,2008,1,31,4,HN,3,15.93,NA,-3.1,3.3,6.8
2008-01-31,2008,1,31,5,H,5,14.93,NA,-1.2,5.7,7.3
2008-01-31,2008,1,31,6,N,1,14.59,NA,-3.2,-0.6,0.3
2008-01-31,2008,1,31,7,HN,5,15.25,NA,0.4,1.9,5.1
2008-01-31,2008,1,31,8,H,2,11.62,NA,-3.8,2.8,5.9
2008-01-31,2008,1,31,9,N,5,12.84,NA,-3.0,0.3,1.4
2008-01-31,2008,1,31,10,HN,1,16.31,NA,-4.0,5.7,9.5
2008-01-31,2008,1,31,11,N,4,13.58,NA,-3.3,1.0,1.2
2008-01-31,2008,1,31,12,C,2,18.09,NA,-4.7,-0.5,0.5
2008-01-31,2008,1,31,13,H,1,17.00,NA,-4.3,2.9,5.9
2008-01-31,2008,1,31,14,C,3,8.53,NA,-2.5,0.1,1.2
2008-01-31,2008,1,31,16,N,2,24.55,NA,-3.5,-0.4,0.5
2008-01-31,2008,1,31,17,HN,4,10.06,NA,-2.3,2.1,5.8
2008-01-31,2008,1,31,18,H,4,7.94,NA,-0.8,3.0,6.0
2008-01-31,2008,1,31,19,C,5,8.60,NA,-2.7,0.0,0.8
2008-01-31,2008,1,31,20,C,6,13.73,NA,-2.3,0.3,1.1
2008-01-31,2008,1,31,21,N,3,14.62,NA,-2.6,0.0,0.8
2008-01-31,2008,1,31,22,H,6,18.89,NA,-1.2,4.0,6.7
2008-01-31,2008,1,31,23,N,6,13.19,NA,-2.7,-0.1,1.0
2008-01-31,2008,1,31,24,C,1,13.07,NA,-4.5,0.1,0.9
2008-02-28,2008,2,28,1,C,4,23.11,NA,NA,NA,NA
2008-02-28,2008,2,28,2,H,3,17.56,NA,NA,NA,NA
2008-02-28,2008,2,28,3,HN,6,14.66,NA,NA,NA,NA
2008-02-28,2008,2,28,4,HN,3,16.16,NA,NA,NA,NA
2008-02-28,2008,2,28,5,H,5,17.20,NA,NA,NA,NA
2008-02-28,2008,2,28,6,N,1,19.39,NA,NA,NA,NA
2008-02-28,2008,2,28,7,HN,5,24.93,NA,NA,NA,NA
2008-02-28,2008,2,28,8,H,2,18.20,NA,NA,NA,NA
2008-02-28,2008,2,28,9,N,5,23.49,NA,NA,NA,NA
2008-02-28,2008,2,28,10,HN,1,17.60,NA,NA,NA,NA
2008-02-28,2008,2,28,11,N,4,16.48,NA,NA,NA,NA
2008-02-28,2008,2,28,12,C,2,12.87,NA,NA,NA,NA
2008-02-28,2008,2,28,13,H,1,31.58,NA,NA,NA,NA
2008-02-28,2008,2,28,14,C,3,20.75,NA,NA,NA,NA
2008-02-28,2008,2,28,15,HN,2,25.58,NA,NA,NA,NA
2008-02-28,2008,2,28,16,N,2,18.24,NA,NA,NA,NA
2008-02-28,2008,2,28,17,HN,4,12.92,NA,NA,NA,NA
2008-02-28,2008,2,28,18,H,4,13.06,NA,NA,NA,NA
2008-02-28,2008,2,28,19,C,5,14.47,NA,NA,NA,NA
2008-02-28,2008,2,28,21,N,3,18.39,NA,NA,NA,NA
2008-02-28,2008,2,28,22,H,6,23.27,NA,NA,NA,NA
2008-02-28,2008,2,28,24,C,1,25.51,NA,NA,NA,NA
2008-03-22,2008,3,22,1,C,4,8.15,NA,-0.5,0.2,1.0
2008-03-22,2008,3,22,2,H,3,14.64,NA,-0.8,5.0,7.1
2008-03-22,2008,3,22,3,HN,6,26.50,NA,2.1,5.6,7.7
2008-03-22,2008,3,22,4,HN,3,21.03,NA,1.2,6.7,6.8
2008-03-22,2008,3,22,5,H,5,18.29,NA,7.2,7.9,8.4
2008-03-22,2008,3,22,6,N,1,11.11,NA,2.8,0.4,1.2
2008-03-22,2008,3,22,7,HN,5,15.52,NA,7.5,6.0,6.4
2008-03-22,2008,3,22,8,H,2,12.51,NA,1.9,4.0,6.3
2008-03-22,2008,3,22,9,N,5,9.06,NA,3.2,0.7,1.5
2008-03-22,2008,3,22,10,HN,1,13.65,NA,1.7,7.5,8.3
2008-03-22,2008,3,22,11,N,4,10.34,NA,-0.7,0.6,1.4
2008-03-22,2008,3,22,12,C,2,5.39,NA,-1.6,0.1,1.1
2008-03-22,2008,3,22,13,H,1,9.15,NA,6.3,3.3,6.5
2008-03-22,2008,3,22,14,C,3,4.71,NA,-1.7,0.9,2.0
2008-03-22,2008,3,22,15,HN,2,14.56,NA,1.0,6.8,7.2
2008-03-22,2008,3,22,16,N,2,12.81,NA,-0.7,0.6,1.2
2008-03-22,2008,3,22,17,HN,4,8.29,NA,6.5,5.4,6.2
2008-03-22,2008,3,22,18,H,4,11.54,NA,5.0,4.0,6.6
2008-03-22,2008,3,22,19,C,5,14.06,NA,-0.5,-0.2,0.3
2008-03-22,2008,3,22,20,C,6,10.82,NA,0.3,1.4,1.7
2008-03-22,2008,3,22,21,N,3,9.72,NA,-0.5,0.3,1.2
2008-03-22,2008,3,22,22,H,6,13.56,NA,-1.7,6.9,7.7
2008-03-22,2008,3,22,23,N,6,22.88,NA,-0.6,0.1,1.3
2008-03-22,2008,3,22,24,C,1,7.32,NA,-0.5,0.2,1.0
2008-04-08,2008,4,8,1,C,4,21.06,37.0,3.9,8.6,8.8
2008-04-08,2008,4,8,2,H,3,17.55,37.7,4.2,8.1,7.4
2008-04-08,2008,4,8,3,HN,6,21.97,41.7,0.7,1.9,2.6
2008-04-08,2008,4,8,4,HN,3,24.16,36.3,3.6,8.6,8.1
2008-04-08,2008,4,8,5,H,5,20.47,32.7,5.7,8.6,9.0
2008-04-08,2008,4,8,6,N,1,12.31,41.3,2.4,2.3,2.8
2008-04-08,2008,4,8,7,HN,5,26.40,34.3,3.4,6.4,7.0
2008-04-08,2008,4,8,8,H,2,17.25,39.3,2.9,6.8,6.9
2008-04-08,2008,4,8,9,N,5,21.71,27.0,5.0,2.0,2.8
2008-04-08,2008,4,8,10,HN,1,21.35,40.7,4.9,9.5,9.9
2008-04-08,2008,4,8,11,N,4,24.23,37.0,6.7,2.1,3.6
2008-04-08,2008,4,8,12,C,2,17.52,40.0,4.2,1.9,2.5
2008-04-08,2008,4,8,13,H,1,20.54,26.0,4.4,1.4,2.4
2008-04-08,2008,4,8,14,C,3,26.97,29.0,6.1,6.6,6.9
2008-04-08,2008,4,8,15,HN,2,47.38,42.7,5.1,6.4,7.0
2008-04-08,2008,4,8,16,N,2,18.24,41.3,5.0,2.6,3.0
2008-04-08,2008,4,8,17,HN,4,14.64,37.0,6.5,7.8,8.7
2008-04-08,2008,4,8,18,H,4,12.42,37.7,2.1,2.8,3.4
2008-04-08,2008,4,8,19,C,5,14.54,40.0,5.6,6.8,7.1
2008-04-08,2008,4,8,20,C,6,20.77,42.3,6.1,2.8,3.4
2008-04-08,2008,4,8,21,N,3,14.61,44.0,7.4,2.1,2.8
2008-04-08,2008,4,8,22,H,6,14.08,34.7,5.2,8.3,9.1
2008-04-08,2008,4,8,23,N,6,27.73,26.0,4.3,2.1,3.0
2008-04-08,2008,4,8,24,C,1,11.19,28.7,5.5,1.7,2.4
2008-04-22,2008,4,22,1,C,4,14.97,24.3,14.1,8.1,8.1
2008-04-22,2008,4,22,2,H,3,46.46,27.3,13.8,12.6,12.7
2008-04-22,2008,4,22,3,HN,6,72.45,27.3,15.2,15.1,14.9
2008-04-22,2008,4,22,4,HN,3,46.59,22.7,21.1,12.8,12.8
2008-04-22,2008,4,22,5,H,5,40.91,22.0,21.4,15.8,15.3
2008-04-22,2008,4,22,6,N,1,25.79,25.3,21.0,8.6,8.5
2008-04-22,2008,4,22,7,HN,5,45.73,23.0,25.4,14.3,13.6
2008-04-22,2008,4,22,8,H,2,36.54,28.7,22.1,12.9,12.7
2008-04-22,2008,4,22,9,N,5,27.87,17.7,20.5,8.8,8.3
2008-04-22,2008,4,22,10,HN,1,41.93,32.3,22.9,14.0,14.0
2008-04-22,2008,4,22,11,N,4,35.48,23.0,21.4,9.3,8.9
2008-04-22,2008,4,22,12,C,2,23.00,29.0,22.0,8.5,8.2
2008-04-22,2008,4,22,13,H,1,31.83,25.0,30.4,13.9,12.9
2008-04-22,2008,4,22,14,C,3,18.62,32.0,20.2,9.1,8.3
2008-04-22,2008,4,22,15,HN,2,45.88,25.7,25.2,14.1,13.8
2008-04-22,2008,4,22,16,N,2,21.05,29.3,21.3,8.8,8.5
2008-04-22,2008,4,22,17,HN,4,25.35,24.0,20.4,13.3,12.8
2008-04-22,2008,4,22,18,H,4,37.75,16.3,22.3,12.5,12.5
2008-04-22,2008,4,22,19,C,5,23.83,18.0,22.2,8.9,8.4
2008-04-22,2008,4,22,20,C,6,28.57,26.7,24.1,9.1,8.8
2008-04-22,2008,4,22,21,N,3,25.08,29.7,26.4,10.1,8.5
2008-04-22,2008,4,22,22,H,6,34.06,22.3,19.1,14.1,14.7
2008-04-22,2008,4,22,23,N,6,28.49,16.7,30.4,9.4,8.5
2008-04-22,2008,4,22,24,C,1,20.56,19.3,26.0,8.5,8.1
2008-05-16,2008,5,16,1,C,4,38.32,20.7,22.8,10.1,9.5
2008-05-16,2008,5,16,2,H,3,71.46,19.3,23.8,15.6,14.3
2008-05-16,2008,5,16,3,HN,6,67.27,16.3,26.9,18.8,16.7
2008-05-16,2008,5,16,4,HN,3,92.51,17.3,25.8,18.3,15.4
2008-05-16,2008,5,16,5,H,5,84.36,17.0,25.3,17.1,16.7
2008-05-16,2008,5,16,6,N,1,35.89,20.0,21.5,10.5,9.7
2008-05-16,2008,5,16,7,HN,5,90.49,20.7,33.6,18.3,17.8
2008-05-16,2008,5,16,8,H,2,55.45,22.3,21.5,14.7,15.2
2008-05-16,2008,5,16,9,N,5,44.19,20.0,29.5,12.5,10.3
2008-05-16,2008,5,16,10,HN,1,51.34,30.3,22.6,16.0,16.4
2008-05-16,2008,5,16,11,N,4,47.06,22.7,22.8,12.3,10.4
2008-05-16,2008,5,16,12,C,2,34.00,27.0,22.1,9.8,9.4
2008-05-16,2008,5,16,13,H,1,79.49,21.7,22.9,15.3,14.3
2008-05-16,2008,5,16,14,C,3,39.28,27.7,23.4,9.5,11.6
2008-05-16,2008,5,16,15,HN,2,66.09,21.0,21.2,15.8,15.3
2008-05-16,2008,5,16,16,N,2,36.87,27.7,21.9,11.0,9.8
2008-05-16,2008,5,16,17,HN,4,41.20,25.7,23.8,14.7,14.5
2008-05-16,2008,5,16,18,H,4,36.02,20.0,23.8,14.7,14.3
2008-05-16,2008,5,16,19,C,5,24.26,17.3,27.3,11.2,10.1
2008-05-16,2008,5,16,20,C,6,34.58,25.3,24.3,11.9,10.4
2008-05-16,2008,5,16,21,N,3,14.24,25.7,23.1,10.6,9.4
2008-05-16,2008,5,16,22,H,6,50.05,23.3,22.0,16.3,15.4
2008-05-16,2008,5,16,23,N,6,37.98,17.3,24.8,12.2,9.8
2008-05-16,2008,5,16,24,C,1,28.26,17.0,26.5,10.4,9.0
2008-06-12,2008,6,12,1,C,4,132.40,18.0,24.0,18.2,16.8
2008-06-12,2008,6,12,2,H,3,149.80,17.3,22.0,21.5,21.0
2008-06-12,2008,6,12,3,HN,6,125.29,18.3,24.2,24.0,23.8
2008-06-12,2008,6,12,4,HN,3,149.56,16.7,22.0,22.5,22.0
2008-06-12,2008,6,12,5,H,5,216.65,18.3,24.3,24.3,24.2
2008-06-12,2008,6,12,6,N,1,126.13,22.3,23.7,18.6,16.9
2008-06-12,2008,6,12,7,HN,5,215.08,15.7,25.5,25.4,25.2
2008-06-12,2008,6,12,8,H,2,126.71,18.3,22.7,21.6,21.6
2008-06-12,2008,6,12,9,N,5,143.95,17.0,24.6,19.0,17.5
2008-06-12,2008,6,12,10,HN,1,146.22,22.0,23.1,22.7,22.3
2008-06-12,2008,6,12,11,N,4,129.97,20.7,23.4,18.2,17.7
2008-06-12,2008,6,12,12,C,2,104.56,17.3,22.3,18.1,17.1
2008-06-12,2008,6,12,13,H,1,218.96,19.7,22.7,22.0,21.4
2008-06-12,2008,6,12,14,C,3,131.60,23.7,23.4,18.5,16.3
2008-06-12,2008,6,12,15,HN,2,149.45,19.0,22.9,17.6,17.2
2008-06-12,2008,6,12,16,N,2,143.47,20.3,22.7,22.5,22.8
2008-06-12,2008,6,12,17,HN,4,126.59,16.3,23.6,22.3,22.5
2008-06-12,2008,6,12,18,H,4,105.59,19.7,23.8,21.4,20.9
2008-06-12,2008,6,12,19,C,5,83.41,14.3,23.6,18.9,17.2
2008-06-12,2008,6,12,20,C,6,129.59,24.0,23.5,18.8,17.2
2008-06-12,2008,6,12,21,N,3,135.50,19.3,23.1,17.7,16.4
2008-06-12,2008,6,12,22,H,6,131.71,18.0,25.4,21.4,21.2
2008-06-12,2008,6,12,23,N,6,143.95,17.7,26.4,19.1,17.6
2008-06-12,2008,6,12,24,C,1,96.86,12.0,21.7,17.8,16.5
2008-06-20,2008,6,20,1,C,4,97.87,19.0,20.9,14.8,14.2
2008-06-20,2008,6,20,2,H,3,136.41,16.3,20.4,18.9,18.9
2008-06-20,2008,6,20,3,HN,6,124.02,16.7,22.2,20.6,20.3
2008-06-20,2008,6,20,4,HN,3,151.40,16.0,21.6,19.9,19.7
2008-06-20,2008,6,20,5,H,5,211.99,15.0,21.8,22.5,22.4
2008-06-20,2008,6,20,6,N,1,95.02,19.7,21.2,15.4,14.7
2008-06-20,2008,6,20,7,HN,5,228.39,16.7,22.2,22.8,22.6
2008-06-20,2008,6,20,8,H,2,137.68,19.0,20.5,22.1,22.0
2008-06-20,2008,6,20,9,N,5,126.89,14.3,21.8,15.9,14.5
2008-06-20,2008,6,20,10,HN,1,134.31,21.7,20.3,20.7,21.0
2008-06-20,2008,6,20,11,N,4,89.72,23.7,20.1,16.5,15.2
2008-06-20,2008,6,20,12,C,2,71.53,19.3,20.8,15.8,14.2
2008-06-20,2008,6,20,13,H,1,216.47,15.3,20.5,19.2,19.4
2008-06-20,2008,6,20,14,C,3,110.52,24.0,20.5,15.4,13.8
2008-06-20,2008,6,20,15,HN,2,116.83,17.0,20.5,20.5,20.6
2008-06-20,2008,6,20,16,N,2,115.16,17.0,20.2,14.9,14.3
2008-06-20,2008,6,20,17,HN,4,100.03,17.0,20.2,20.4,20.4
2008-06-20,2008,6,20,18,H,4,75.18,20.5,20.5,18.5,18.4
2008-06-20,2008,6,20,19,C,5,61.32,12.3,20.7,14.9,14.1
2008-06-20,2008,6,20,20,C,6,102.47,19.0,20.4,15.7,14.7
2008-06-20,2008,6,20,21,N,3,93.69,18.0,20.0,15.3,13.9
2008-06-20,2008,6,20,22,H,6,116.42,17.0,21.0,19.3,19.3
2008-06-20,2008,6,20,23,N,6,106.54,17.0,21.5,16.2,14.7
2008-06-20,2008,6,20,24,C,1,68.77,16.0,20.3,14.4,13.5
2008-07-12,2008,7,12,1,C,4,142.63,14.7,22.3,17.7,17.1
2008-07-12,2008,7,12,2,H,3,173.75,13.0,23.8,21.2,21.2
2008-07-12,2008,7,12,3,HN,6,142.97,11.3,23.1,26.3,26.8
2008-07-12,2008,7,12,4,HN,3,187.02,11.7,23.3,22.6,22.6
2008-07-12,2008,7,12,5,H,5,204.45,11.3,24.6,24.6,25.8
2008-07-12,2008,7,12,6,N,1,133.00,13.3,21.5,17.9,17.7
2008-07-12,2008,7,12,7,HN,5,228.95,11.0,30.6,24.4,24.1
2008-07-12,2008,7,12,8,H,2,121.82,12.0,21.6,21.1,22.2
2008-07-12,2008,7,12,9,N,5,148.08,8.7,23.1,18.3,17.6
2008-07-12,2008,7,12,10,HN,1,131.04,14.0,21.8,23.3,24.0
2008-07-12,2008,7,12,11,N,4,141.33,14.0,21.7,18.4,17.7
2008-07-12,2008,7,12,12,C,2,97.47,13.0,22.6,18.1,17.5
2008-07-12,2008,7,12,13,H,1,197.05,13.3,21.5,21.4,21.5
2008-07-12,2008,7,12,14,C,3,124.69,16.0,22.8,17.9,16.9
2008-07-12,2008,7,12,15,HN,2,104.46,14.0,21.7,22.2,23.0
2008-07-12,2008,7,12,16,N,2,179.32,14.3,21.6,17.8,17.8
2008-07-12,2008,7,12,17,HN,4,101.39,14.0,22.2,24.3,24.5
2008-07-12,2008,7,12,18,H,4,81.74,17.0,22.4,21.1,21.2
2008-07-12,2008,7,12,19,C,5,66.30,12.7,22.4,18.1,17.7
2008-07-12,2008,7,12,20,C,6,125.11,14.3,22.4,18.1,17.5
2008-07-12,2008,7,12,21,N,3,141.50,15.0,22.1,17.8,17.2
2008-07-12,2008,7,12,22,H,6,137.81,13.0,22.9,22.0,22.7
2008-07-12,2008,7,12,23,N,6,116.61,13.3,23.3,18.7,17.6
2008-07-12,2008,7,12,24,C,1,93.69,13.0,21.7,17.7,16.1
2008-07-22,2008,7,22,1,C,4,189.20,14.7,22.7,19.1,18.7
2008-07-22,2008,7,22,2,H,3,395.33,17.0,22.8,22.6,23.1
2008-07-22,2008,7,22,3,HN,6,173.42,16.7,22.9,26.4,26.8
2008-07-22,2008,7,22,4,HN,3,219.25,14.7,22.8,24.3,23.7
2008-07-22,2008,7,22,5,H,5,223.13,14.7,22.4,24.8,25.3
2008-07-22,2008,7,22,6,N,1,194.16,17.0,21.9,19.3,18.8
2008-07-22,2008,7,22,7,HN,5,282.55,15.0,22.5,25.7,25.7
2008-07-22,2008,7,22,8,H,2,143.31,19.3,21.5,22.3,22.4
2008-07-22,2008,7,22,9,N,5,204.68,13.7,21.3,19.8,19.2
2008-07-22,2008,7,22,10,HN,1,175.83,18.0,21.2,25.4,26.2
2008-07-22,2008,7,22,11,N,4,167.82,15.7,21.6,19.9,18.9
2008-07-22,2008,7,22,12,C,2,124.64,20.0,20.8,19.9,18.8
2008-07-22,2008,7,22,13,H,1,277.61,14.0,21.4,22.5,22.9
2008-07-22,2008,7,22,14,C,3,190.43,21.0,22.7,19.8,18.7
2008-07-22,2008,7,22,15,HN,2,180.32,18.3,21.2,24.0,24.3
2008-07-22,2008,7,22,16,N,2,324.51,18.3,20.8,19.5,18.3
2008-07-22,2008,7,22,17,HN,4,152.80,14.0,23.1,25.3,25.5
2008-07-22,2008,7,22,18,H,4,133.70,20.7,22.3,23.3,23.2
2008-07-22,2008,7,22,19,C,5,102.21,13.7,22.5,19.6,18.8
2008-07-22,2008,7,22,20,C,6,190.88,20.7,22.5,19.4,19.0
2008-07-22,2008,7,22,21,N,3,209.38,19.0,22.4,19.3,18.8
2008-07-22,2008,7,22,22,H,6,195.73,16.3,22.3,23.9,24.3
2008-07-22,2008,7,22,23,N,6,184.11,16.3,22.4,20.0,19.1
2008-07-22,2008,7,22,24,C,1,158.82,18.7,20.5,19.7,18.7
2008-08-13,2008,8,13,1,C,4,165.94,19.7,18.7,16.6,16.4
2008-08-13,2008,8,13,2,H,3,201.35,15.3,19.1,23.0,23.6
2008-08-13,2008,8,13,3,HN,6,163.48,15.7,18.8,23.3,24.2
2008-08-13,2008,8,13,4,HN,3,223.61,15.7,18.9,20.7,20.7
2008-08-13,2008,8,13,5,H,5,228.48,20.3,19.7,22.5,22.9
2008-08-13,2008,8,13,6,N,1,167.85,18.0,18.4,16.9,16.7
2008-08-13,2008,8,13,7,HN,5,245.77,16.3,18.5,22.0,23.0
2008-08-13,2008,8,13,8,H,2,130.23,17.3,18.3,20.5,21.2
2008-08-13,2008,8,13,9,N,5,173.06,15.7,18.3,16.9,16.7
2008-08-13,2008,8,13,10,HN,1,175.10,19.3,18.4,23.5,24.4
2008-08-13,2008,8,13,11,N,4,151.47,20.7,18.1,17.1,16.9
2008-08-13,2008,8,13,12,C,2,98.36,18.7,17.3,16.3,16.4
2008-08-13,2008,8,13,13,H,1,207.56,17.3,17.7,20.0,20.5
2008-08-13,2008,8,13,14,C,3,133.67,27.3,18.1,17.1,16.7
2008-08-13,2008,8,13,15,HN,2,163.01,18.3,18.1,21.8,22.2
2008-08-13,2008,8,13,16,N,2,216.03,18.3,17.6,16.7,16.7
2008-08-13,2008,8,13,17,HN,4,132.55,18.3,18.1,22.5,23.0
2008-08-13,2008,8,13,18,H,4,107.20,19.3,18.0,20.4,21.1
2008-08-13,2008,8,13,19,C,5,86.69,16.7,18.0,16.5,16.2
2008-08-13,2008,8,13,20,C,6,120.76,21.0,18.2,16.8,16.5
2008-08-13,2008,8,13,21,N,3,155.45,17.7,19.4,16.5,16.3
2008-08-13,2008,8,13,22,H,6,150.55,16.0,18.0,21.0,21.8
2008-08-13,2008,8,13,23,N,6,148.00,18.7,18.3,16.9,16.5
2008-08-13,2008,8,13,24,C,1,102.84,14.3,17.9,15.8,15.6
2008-08-25,2008,8,25,1,C,4,156.31,19.0,24.7,19.2,18.3
2008-08-25,2008,8,25,2,H,3,204.02,16.0,24.8,23.9,23.3
2008-08-25,2008,8,25,3,HN,6,133.74,19.7,25.5,26.7,26.9
2008-08-25,2008,8,25,4,HN,3,167.49,15.0,24.2,22.1,21.7
2008-08-25,2008,8,25,5,H,5,178.40,12.7,24.7,24.7,25.0
2008-08-25,2008,8,25,6,N,1,154.00,24.0,24.3,19.2,18.3
2008-08-25,2008,8,25,7,HN,5,222.84,16.7,24.7,25.1,25.0
2008-08-25,2008,8,25,8,H,2,95.76,16.0,24.6,22.8,22.6
2008-08-25,2008,8,25,9,N,5,157.19,14.0,24.7,20.0,18.5
2008-08-25,2008,8,25,10,HN,1,125.30,22.0,24.0,24.6,24.4
2008-08-25,2008,8,25,11,N,4,113.16,26.3,24.7,19.6,18.7
2008-08-25,2008,8,25,12,C,2,97.27,21.0,24.1,20.7,18.2
2008-08-25,2008,8,25,13,H,1,168.88,17.7,24.7,22.6,22.0
2008-08-25,2008,8,25,14,C,3,132.31,27.3,23.9,19.3,18.0
2008-08-25,2008,8,25,15,HN,2,123.65,23.7,24.3,23.4,23.1
2008-08-25,2008,8,25,16,N,2,161.63,26.3,24.8,19.3,18.5
2008-08-25,2008,8,25,17,HN,4,125.40,20.7,24.2,25.8,25.3
2008-08-25,2008,8,25,18,H,4,82.86,26.0,24.2,23.5,22.8
2008-08-25,2008,8,25,19,C,5,77.12,20.0,27.1,20.2,18.5
2008-08-25,2008,8,25,20,C,6,118.99,28.0,24.3,19.6,18.4
2008-08-25,2008,8,25,21,N,3,128.36,24.0,24.8,19.7,18.1
2008-08-25,2008,8,25,22,H,6,109.56,22.7,24.6,23.1,23.0
2008-08-25,2008,8,25,23,N,6,127.22,22.7,25.0,20.0,18.7
2008-08-25,2008,8,25,24,C,1,94.75,22.3,23.0,20.3,17.6
2008-09-11,2008,9,11,1,C,4,112.50,NA,15.1,15.5,15.7
2008-09-11,2008,9,11,2,H,3,142.32,NA,15.7,19.9,21.2
2008-09-11,2008,9,11,3,HN,6,104.77,NA,14.8,20.9,22.2
2008-09-11,2008,9,11,4,HN,3,174.18,NA,15.2,20.3,22.0
2008-09-11,2008,9,11,5,H,5,130.25,NA,14.9,22.0,23.0
2008-09-11,2008,9,11,6,N,1,119.84,NA,13.6,15.6,16.0
2008-09-11,2008,9,11,7,HN,5,181.58,NA,14.7,20.5,22.1
2008-09-11,2008,9,11,8,H,2,92.58,NA,13.7,20.2,21.2
2008-09-11,2008,9,11,9,N,5,118.59,NA,14.3,15.4,15.8
2008-09-11,2008,9,11,10,HN,1,109.32,NA,14.5,23.4,25.1
2008-09-11,2008,9,11,11,N,4,102.06,NA,15.7,15.8,16.1
2008-09-11,2008,9,11,12,C,2,74.32,NA,14.1,15.4,15.7
2008-09-11,2008,9,11,13,H,1,153.42,NA,13.9,19.3,19.9
2008-09-11,2008,9,11,14,C,3,94.11,NA,14.5,15.9,16.0
2008-09-11,2008,9,11,15,HN,2,117.45,NA,14.2,19.7,21.7
2008-09-11,2008,9,11,16,N,2,116.17,NA,13.9,15.3,15.9
2008-09-11,2008,9,11,17,HN,4,84.21,NA,14.9,18.8,20.2
2008-09-11,2008,9,11,18,H,4,88.43,NA,15.6,18.9,19.9
2008-09-11,2008,9,11,19,C,5,71.85,NA,13.7,15.1,15.4
2008-09-11,2008,9,11,20,C,6,78.73,NA,15.1,15.8,16.0
2008-09-11,2008,9,11,21,N,3,105.22,NA,14.5,15.0,15.4
2008-09-11,2008,9,11,22,H,6,103.45,NA,14.4,19.9,21.4
2008-09-11,2008,9,11,23,N,6,105.56,NA,14.6,15.3,15.6
2008-09-11,2008,9,11,24,C,1,70.58,NA,13.8,14.9,15.2
2008-09-23,2008,9,23,1,C,4,82.34,NA,15.1,13.9,13.4
2008-09-23,2008,9,23,2,H,3,129.33,NA,17.8,18.9,20.2
2008-09-23,2008,9,23,3,HN,6,92.61,NA,16.4,18.8,19.8
2008-09-23,2008,9,23,4,HN,3,132.90,NA,15.4,18.7,18.9
2008-09-23,2008,9,23,5,H,5,118.06,NA,17.2,19.8,21.7
2008-09-23,2008,9,23,6,N,1,79.41,NA,12.9,12.6,13.1
2008-09-23,2008,9,23,7,HN,5,166.89,NA,17.3,19.5,20.8
2008-09-23,2008,9,23,8,H,2,72.26,NA,12.5,17.9,18.5
2008-09-23,2008,9,23,9,N,5,85.73,NA,16.6,13.3,13.4
2008-09-23,2008,9,23,10,HN,1,94.84,NA,13.2,21.3,22.8
2008-09-23,2008,9,23,11,N,4,70.42,NA,17.0,13.4,13.5
2008-09-23,2008,9,23,12,C,2,47.33,NA,12.6,12.7,13.1
2008-09-23,2008,9,23,13,H,1,121.73,NA,12.3,16.3,17.8
2008-09-23,2008,9,23,14,C,3,70.40,NA,15.5,13.4,13.6
2008-09-23,2008,9,23,15,HN,2,74.79,NA,12.6,17.9,18.9
2008-09-23,2008,9,23,16,N,2,80.93,NA,12.4,12.8,13.0
2008-09-23,2008,9,23,17,HN,4,64.17,NA,15.7,17.2,18.0
2008-09-23,2008,9,23,18,H,4,58.24,NA,10.9,17.6,18.3
2008-09-23,2008,9,23,19,C,5,48.26,NA,18.4,13.1,12.9
2008-09-23,2008,9,23,20,C,6,62.62,NA,17.0,13.3,13.3
2008-09-23,2008,9,23,21,N,3,69.54,NA,15.9,12.8,13.2
2008-09-23,2008,9,23,22,H,6,166.74,NA,16.2,19.8,18.8
2008-09-23,2008,9,23,23,N,6,74.61,NA,17.5,13.5,13.1
2008-09-23,2008,9,23,24,C,1,57.64,NA,12.4,12.0,12.6
2008-10-03,2008,10,3,1,C,4,57.67,20.0,11.1,11.9,12.3
2008-10-03,2008,10,3,2,H,3,121.47,19.0,11.7,18.4,19.7
2008-10-03,2008,10,3,3,HN,6,123.01,16.0,11.1,17.5,18.8
2008-10-03,2008,10,3,4,HN,3,131.58,15.7,11.2,17.6,18.6
2008-10-03,2008,10,3,5,H,5,116.52,13.7,11.4,18.1,19.6
2008-10-03,2008,10,3,6,N,1,81.11,21.3,11.4,11.2,12.1
2008-10-03,2008,10,3,7,HN,5,143.29,14.3,11.0,18.5,19.9
2008-10-03,2008,10,3,8,H,2,94.33,17.3,12.1,17.1,18.2
2008-10-03,2008,10,3,9,N,5,87.60,16.3,10.8,11.5,12.5
2008-10-03,2008,10,3,10,HN,1,115.30,20.3,12.3,19.5,20.5
2008-10-03,2008,10,3,11,N,4,77.43,18.3,12.0,12.3,12.9
2008-10-03,2008,10,3,12,C,2,49.84,20.3,11.1,11.6,11.8
2008-10-03,2008,10,3,13,H,1,105.10,15.0,11.9,16.0,17.6
2008-10-03,2008,10,3,14,C,3,54.59,24.0,10.6,12.0,12.4
2008-10-03,2008,10,3,15,HN,2,85.59,18.3,11.8,17.8,18.6
2008-10-03,2008,10,3,16,N,2,85.36,21.0,10.9,11.5,12.4
2008-10-03,2008,10,3,17,HN,4,68.08,17.7,11.4,15.5,17.1
2008-10-03,2008,10,3,18,H,4,86.45,19.3,11.5,16.5,17.8
2008-10-03,2008,10,3,19,C,5,74.22,17.3,11.3,11.5,11.6
2008-10-03,2008,10,3,20,C,6,53.05,23.7,11.0,11.8,12.1
2008-10-03,2008,10,3,21,N,3,67.85,18.3,10.9,11.1,12.1
2008-10-03,2008,10,3,22,H,6,248.54,15.0,11.1,17.6,18.9
2008-10-03,2008,10,3,23,N,6,78.85,19.0,11.0,11.5,12.1
2008-10-03,2008,10,3,24,C,1,66.48,20.3,11.4,11.2,11.9
2008-10-13,2008,10,13,1,C,4,48.92,16.7,13.7,12.1,12.1
2008-10-13,2008,10,13,2,H,3,101.10,12.7,14.0,19.1,19.4
2008-10-13,2008,10,13,3,HN,6,147.12,13.0,14.5,21.9,23.2
2008-10-13,2008,10,13,4,HN,3,111.54,10.7,14.2,17.7,17.7
2008-10-13,2008,10,13,5,H,5,94.13,10.0,14.4,19.5,20.5
2008-10-13,2008,10,13,6,N,1,72.00,17.7,13.5,12.6,12.3
2008-10-13,2008,10,13,7,HN,5,134.31,9.7,14.1,20.7,20.4
2008-10-13,2008,10,13,8,H,2,64.74,12.3,13.9,18.0,18.4
2008-10-13,2008,10,13,9,N,5,93.45,15.0,13.2,13.1,12.5
2008-10-13,2008,10,13,10,HN,1,97.16,14.3,13.8,20.3,20.5
2008-10-13,2008,10,13,11,N,4,68.62,17.0,13.6,12.5,12.5
2008-10-13,2008,10,13,12,C,2,38.78,19.3,15.7,12.5,11.9
2008-10-13,2008,10,13,13,H,1,73.45,11.0,17.7,16.7,17.1
2008-10-13,2008,10,13,14,C,3,46.88,19.7,16.8,12.5,12.5
2008-10-13,2008,10,13,15,HN,2,83.21,15.7,17.9,17.8,18.4
2008-10-13,2008,10,13,16,N,2,68.69,18.0,16.2,12.3,12.0
2008-10-13,2008,10,13,17,HN,4,57.31,15.7,16.7,16.9,17.5
2008-10-13,2008,10,13,18,H,4,85.15,14.7,17.0,16.8,17.4
2008-10-13,2008,10,13,19,C,5,67.13,16.0,15.8,12.1,11.9
2008-10-13,2008,10,13,20,C,6,47.73,20.7,17.1,12.4,12.2
2008-10-13,2008,10,13,21,N,3,61.31,17.0,16.9,12.1,11.9
2008-10-13,2008,10,13,22,H,6,190.38,13.3,16.9,18.2,18.8
2008-10-13,2008,10,13,23,N,6,77.86,16.7,17.0,12.9,12.1
2008-10-13,2008,10,13,24,C,1,71.53,16.3,16.4,12.0,11.8
2008-12-04,2008,12,4,1,C,4,19.77,22.3,-1.0,2.4,3.4
2008-12-04,2008,12,4,2,H,3,33.99,25.7,0.2,11.7,12.3
2008-12-04,2008,12,4,3,HN,6,19.02,19.7,0.5,10.8,8.6
2008-12-04,2008,12,4,4,HN,3,34.59,22.3,-1.0,7.0,9.5
2008-12-04,2008,12,4,5,H,5,26.45,19.7,0.0,9.4,11.2
2008-12-04,2008,12,4,6,N,1,13.90,21.7,-0.7,1.4,2.8
2008-12-04,2008,12,4,7,HN,5,30.38,21.7,1.1,7.5,9.4
2008-12-04,2008,12,4,8,H,2,19.17,24.0,0.3,5.9,7.3
2008-12-04,2008,12,4,9,N,5,15.45,22.3,-0.9,0.9,3.3
2008-12-04,2008,12,4,10,HN,1,24.65,29.0,-0.2,10.5,12.6
2008-12-04,2008,12,4,11,N,4,13.67,23.7,0.0,1.4,3.0
2008-12-04,2008,12,4,12,C,2,9.73,23.7,-0.6,1.3,2.4
2008-12-04,2008,12,4,12,C,2,40.00,23.3,0.3,7.6,9.7
2008-12-04,2008,12,4,14,C,3,11.60,30.3,-0.4,2.2,4.6
2008-12-04,2008,12,4,15,HN,2,16.81,24.0,0.3,6.5,8.8
2008-12-04,2008,12,4,16,N,2,11.94,25.7,0.6,1.0,2.2
2008-12-04,2008,12,4,17,HN,4,14.57,22.0,2.2,5.9,7.4
2008-12-04,2008,12,4,18,H,4,11.80,22.3,3.1,6.8,7.8
2008-12-04,2008,12,4,19,C,5,15.26,22.3,1.7,1.4,2.8
2008-12-04,2008,12,4,20,C,6,15.39,26.0,1.4,1.7,3.6
2008-12-04,2008,12,4,21,N,3,12.80,25.3,0.8,1.0,2.6
2008-12-04,2008,12,4,22,H,6,22.59,23.0,-0.2,6.4,8.7
2008-12-04,2008,12,4,23,N,6,12.72,21.3,2.3,1.2,2.8
2008-12-04,2008,12,4,24,C,1,10.58,23.7,1.8,1.2,2.6
2009-01-14,2009,1,14,1,C,4,36.41,NA,-10.1,0.6,1.2
2009-01-14,2009,1,14,2,H,3,39.11,NA,-10.9,7.9,9.3
2009-01-14,2009,1,14,3,HN,6,20.34,NA,-10.0,6.9,8.5
2009-01-14,2009,1,14,4,HN,3,50.34,NA,-11.2,5.2,7.7
2009-01-14,2009,1,14,5,H,5,29.09,NA,-11.6,6.2,7.6
2009-01-14,2009,1,14,6,N,1,31.20,NA,-10.3,0.8,1.4
2009-01-14,2009,1,14,7,HN,5,29.42,NA,-12.4,6.1,8.1
2009-01-14,2009,1,14,8,H,2,32.60,NA,-12.8,5.2,6.1
2009-01-14,2009,1,14,9,N,5,32.15,NA,-12.3,-1.0,1.1
2009-01-14,2009,1,14,10,HN,1,24.20,NA,-8.0,8.6,9.9
2009-01-14,2009,1,14,11,N,4,26.38,NA,-10.3,-0.6,0.6
2009-01-14,2009,1,14,12,C,2,42.80,NA,-11.5,-0.4,0.1
2009-01-14,2009,1,14,13,H,1,28.16,NA,-11.3,5.7,7.2
2009-01-14,2009,1,14,14,C,3,18.81,NA,-11.8,0.0,1.9
2009-01-14,2009,1,14,15,HN,2,22.19,NA,-9.5,4.2,7.3
2009-01-14,2009,1,14,17,HN,4,21.23,NA,10.8,3.7,5.7
2009-01-14,2009,1,14,18,H,4,22.35,NA,-8.3,3.8,6.0
2009-01-14,2009,1,14,19,C,5,31.91,NA,-5.8,-0.1,-0.7
2009-01-14,2009,1,14,20,C,6,26.64,NA,-10.1,0.0,1.6
2009-01-14,2009,1,14,21,N,3,24.89,NA,-8.2,0.0,0.5
2009-01-14,2009,1,14,22,H,6,18.94,NA,-11.5,3.8,6.5
2009-01-14,2009,1,14,23,N,6,38.19,NA,-10.5,-0.9,-0.1
2009-01-14,2009,1,14,24,C,1,36.72,NA,-10.8,-1.0,1.0
2009-01-29,2009,1,29,1,C,4,38.92,NA,-1.2,0.2,0.5
2009-01-29,2009,1,29,2,H,3,14.00,NA,-0.6,7.1,7.7
2009-01-29,2009,1,29,3,HN,6,13.03,NA,-2.4,5.7,6.2
2009-01-29,2009,1,29,4,HN,3,16.69,NA,-2.7,4.5,6.4
2009-01-29,2009,1,29,5,H,5,13.86,NA,-2.8,7.0,7.5
2009-01-29,2009,1,29,6,N,1,19.88,NA,-3.3,0.1,0.9
2009-01-29,2009,1,29,7,HN,5,19.54,NA,-3.0,7.1,7.6
2009-01-29,2009,1,29,8,H,2,13.67,NA,-2.8,4.9,5.9
2009-01-29,2009,1,29,9,N,5,17.84,NA,-3.3,-0.4,1.0
2009-01-29,2009,1,29,10,HN,1,17.53,NA,-3.8,8.6,9.6
2009-01-29,2009,1,29,11,N,4,15.80,NA,NA,NA,NA
2009-01-29,2009,1,29,13,H,1,28.84,NA,-3.8,5.2,7.0
2009-01-29,2009,1,29,14,C,3,17.54,NA,-3.1,0.5,1.6
2009-01-29,2009,1,29,15,HN,2,21.87,NA,-4.9,5.7,7.1
2009-01-29,2009,1,29,17,HN,4,15.25,NA,NA,NA,NA
2009-01-29,2009,1,29,18,H,4,17.68,NA,NA,NA,NA
2009-01-29,2009,1,29,20,C,6,13.23,NA,NA,NA,NA
2009-01-29,2009,1,29,21,N,3,18.64,NA,NA,NA,NA
2009-01-29,2009,1,29,22,H,6,9.50,NA,NA,NA,NA
2009-01-29,2009,1,29,23,N,6,12.51,NA,NA,NA,NA
2009-01-29,2009,1,29,24,C,1,23.88,NA,NA,NA,NA
2009-02-11,2009,2,11,1,C,4,36.16,NA,-0.5,-0.3,0.7
2009-02-11,2009,2,11,2,H,3,38.56,NA,13.5,9.2,9.1
2009-02-11,2009,2,11,3,HN,6,26.68,NA,7.5,5.9,6.0
2009-02-11,2009,2,11,4,HN,3,35.67,NA,6.1,7.5,7.2
2009-02-11,2009,2,11,5,H,5,39.04,NA,8.6,9.3,8.6
2009-02-11,2009,2,11,6,N,1,29.88,NA,-0.6,0.3,1.0
2009-02-11,2009,2,11,7,HN,5,44.36,NA,6.7,7.3,7.7
2009-02-11,2009,2,11,8,H,2,30.86,NA,-0.3,6.6,6.7
2009-02-11,2009,2,11,9,N,5,36.49,NA,-0.5,-0.4,0.6
2009-02-11,2009,2,11,10,HN,1,32.94,NA,8.1,10.0,10.2
2009-02-11,2009,2,11,11,N,4,38.55,NA,-0.5,0.3,1.2
2009-02-11,2009,2,11,12,C,2,31.99,NA,-0.5,-0.1,0.7
2009-02-11,2009,2,11,13,H,1,37.73,NA,3.5,6.5,7.5
2009-02-11,2009,2,11,14,C,3,42.61,NA,4.1,0.2,1.5
2009-02-11,2009,2,11,15,HN,2,48.14,NA,9.1,7.4,7.6
2009-02-11,2009,2,11,17,HN,4,25.20,NA,-0.5,5.7,6.0
2009-02-11,2009,2,11,18,H,4,26.26,NA,NA,4.8,NA
2009-02-11,2009,2,11,20,C,6,25.58,NA,-0.5,1.0,1.6
2009-02-11,2009,2,11,21,N,3,31.09,NA,-0.5,-0.7,0.0
2009-02-11,2009,2,11,22,H,6,29.33,NA,7.1,5.4,6.1
2009-02-11,2009,2,11,23,N,6,21.86,NA,2.1,-6.7,-0.1
2009-02-11,2009,2,11,24,C,1,27.39,NA,-0.4,0.0,0.3
2009-02-25,2009,2,25,1,C,4,22.31,NA,-1.4,-0.1,0.0
2009-02-25,2009,2,25,2,H,3,39.01,NA,-0.3,7.3,7.6
2009-02-25,2009,2,25,3,HN,6,18.11,NA,-0.5,5.4,6.2
2009-02-25,2009,2,25,4,HN,3,30.77,NA,-1.9,5.1,6.2
2009-02-25,2009,2,25,5,H,5,32.02,NA,-1.0,8.9,9.0
2009-02-25,2009,2,25,6,N,1,19.59,NA,-1.9,-0.3,0.7
2009-02-25,2009,2,25,7,HN,5,33.40,NA,-0.6,8.1,8.1
2009-02-25,2009,2,25,8,H,2,26.33,NA,-0.6,5.1,6.0
2009-02-25,2009,2,25,9,N,5,12.51,NA,-2.5,-0.7,0.4
2009-02-25,2009,2,25,10,HN,1,31.16,NA,1.8,9.2,9.3
2009-02-25,2009,2,25,11,N,4,23.09,NA,-1.2,0.2,1.0
2009-02-25,2009,2,25,12,C,2,19.41,NA,-0.6,-0.7,0.1
2009-02-25,2009,2,25,13,H,1,37.07,NA,0.7,5.2,6.7
2009-02-25,2009,2,25,14,C,3,19.83,NA,-1.4,-0.6,1.0
2009-02-25,2009,2,25,15,HN,2,33.49,NA,-0.5,6.1,6.9
2009-02-25,2009,2,25,17,HN,4,24.49,NA,0.1,4.0,5.1
2009-02-25,2009,2,25,18,H,4,21.25,NA,-0.5,4.9,5.9
2009-02-25,2009,2,25,20,C,6,13.76,NA,-1.4,0.2,1.2
2009-02-25,2009,2,25,21,N,3,14.35,NA,-1.3,-0.7,0.3
2009-02-25,2009,2,25,22,H,6,15.81,NA,-1.0,0.2,1.4
2009-02-25,2009,2,25,23,N,6,11.63,NA,-1.8,-1.1,-0.3
2009-02-25,2009,2,25,24,C,1,24.43,NA,-1.6,-0.4,0.1
2009-03-16,2009,3,16,1,C,4,NA,NA,NA,NA,NA
2009-03-16,2009,3,16,2,H,3,37.76,NA,8.1,7.9,7.5
2009-03-16,2009,3,16,3,HN,6,25.97,NA,8.9,6.7,6.5
2009-03-16,2009,3,16,4,HN,3,30.45,NA,7.5,7.7,7.5
2009-03-16,2009,3,16,5,H,5,27.60,NA,7.3,8.0,8.5
2009-03-16,2009,3,16,7,HN,5,37.91,NA,13.9,9.1,8.9
2009-03-16,2009,3,16,8,H,2,24.00,NA,11.9,6.9,7.0
2009-03-16,2009,3,16,9,N,5,8.32,NA,-0.3,-0.5,0.0
2009-03-16,2009,3,16,10,HN,1,30.13,NA,7.3,8.9,8.9
2009-03-16,2009,3,16,11,N,4,26.88,NA,3.3,0.8,1.8
2009-03-16,2009,3,16,12,C,2,5.16,NA,-0.4,-0.5,0.5
2009-03-16,2009,3,16,13,H,1,31.65,NA,9.9,6.9,7.4
2009-03-16,2009,3,16,15,HN,2,23.73,NA,8.5,7.2,7.3
2009-03-16,2009,3,16,17,HN,4,19.44,NA,9.2,6.6,6.1
2009-03-16,2009,3,16,18,H,4,20.04,NA,7.5,6.5,6.1
2009-03-16,2009,3,16,19,C,5,25.22,NA,3.0,1.0,0.9
2009-03-16,2009,3,16,20,C,6,26.36,NA,-0.2,0.7,1.1
2009-03-16,2009,3,16,21,N,3,5.04,NA,-0.2,-0.5,6.0
2009-03-16,2009,3,16,22,H,6,13.71,NA,3.8,0.4,0.8
2009-03-16,2009,3,16,23,N,6,2.25,NA,-0.2,-0.2,0.2
2009-03-16,2009,3,16,24,C,1,6.83,NA,-0.5,-0.2,0.4
2009-03-25,2009,3,25,1,C,4,24.32,25.0,13.0,0.0,0.7
2009-03-25,2009,3,25,2,H,3,33.91,21.0,17.1,11.7,9.5
2009-03-25,2009,3,25,3,HN,6,19.80,23.7,13.7,8.2,6.9
2009-03-25,2009,3,25,4,HN,3,27.97,19.0,21.6,9.6,7.9
2009-03-25,2009,3,25,5,H,5,26.98,18.7,11.3,8.9,9.9
2009-03-25,2009,3,25,6,N,1,19.77,27.7,11.9,1.0,0.9
2009-03-25,2009,3,25,7,HN,5,31.46,17.0,19.9,10.1,9.1
2009-03-25,2009,3,25,8,H,2,21.16,21.3,24.6,10.0,7.6
2009-03-25,2009,3,25,9,N,5,21.52,23.3,20.9,1.2,1.5
2009-03-25,2009,3,25,10,HN,1,29.91,18.3,19.3,11.4,10.7
2009-03-25,2009,3,25,11,N,4,18.71,23.7,16.9,5.7,4.3
2009-03-25,2009,3,25,12,C,2,16.70,26.0,17.0,2.6,0.9
2009-03-25,2009,3,25,13,H,1,30.81,19.0,16.6,8.8,7.9
2009-03-25,2009,3,25,14,C,3,22.17,25.7,20.5,2.2,1.9
2009-03-25,2009,3,25,15,HN,2,31.22,18.7,19.5,9.7,8.2
2009-03-25,2009,3,25,16,N,2,21.20,22.0,24.3,4.4,2.3
2009-03-25,2009,3,25,17,HN,4,16.52,21.3,20.7,8.3,6.5
2009-03-25,2009,3,25,18,H,4,18.63,22.0,22.1,8.4,7.1
2009-03-25,2009,3,25,19,C,5,14.54,17.3,15.4,5.8,3.2
2009-03-25,2009,3,25,20,C,6,13.19,25.0,18.6,4.2,2.9
2009-03-25,2009,3,25,21,N,3,16.08,24.3,17.6,1.8,1.0
2009-03-25,2009,3,25,22,H,6,11.05,19.7,18.7,0.4,1.0
2009-03-25,2009,3,25,23,N,6,25.53,22.0,22.2,0.8,0.8
2009-03-25,2009,3,25,24,C,1,18.52,18.0,18.9,2.2,1.4
2009-04-27,2009,4,27,1,C,4,34.59,17.7,33.1,16.1,12.6
2009-04-27,2009,4,27,2,H,3,74.25,19.7,34.1,20.8,19.5
2009-04-27,2009,4,27,3,HN,6,73.62,17.3,38.3,20.2,18.4
2009-04-27,2009,4,27,4,HN,3,86.13,12.3,37.2,19.1,17.7
2009-04-27,2009,4,27,5,H,5,95.23,15.0,33.8,22.0,20.0
2009-04-27,2009,4,27,6,N,1,51.95,19.0,38.5,15.2,12.5
2009-04-27,2009,4,27,7,HN,5,130.31,15.3,35.9,22.7,21.0
2009-04-27,2009,4,27,8,H,2,31.82,17.3,38.1,18.6,17.5
2009-04-27,2009,4,27,9,N,5,57.49,15.3,38.0,14.6,12.5
2009-04-27,2009,4,27,10,HN,1,69.50,21.7,38.5,21.5,19.5
2009-04-27,2009,4,27,11,N,4,49.96,21.3,39.4,17.2,13.6
2009-04-27,2009,4,27,12,C,2,26.28,19.0,39.4,15.6,12.3
2009-04-27,2009,4,27,13,H,1,90.43,18.3,34.0,19.2,17.3
2009-04-27,2009,4,27,14,C,3,46.93,25.7,34.9,15.5,11.5
2009-04-27,2009,4,27,15,HN,2,95.68,16.3,32.6,21.4,19.3
2009-04-27,2009,4,27,16,N,2,44.59,24.0,32.9,15.2,12.5
2009-04-27,2009,4,27,17,HN,4,54.87,23.0,36.2,20.0,17.6
2009-04-27,2009,4,27,18,H,4,53.10,16.3,35.7,20.5,17.8
2009-04-27,2009,4,27,19,C,5,38.83,15.7,45.8,16.0,12.9
2009-04-27,2009,4,27,20,C,6,37.05,27.7,33.2,18.2,12.9
2009-04-27,2009,4,27,21,N,3,43.61,22.0,36.1,18.6,12.3
2009-04-27,2009,4,27,22,H,6,41.85,21.3,33.0,14.1,12.4
2009-04-27,2009,4,27,23,N,6,45.40,16.0,33.7,16.3,12.3
2009-04-27,2009,4,27,24,C,1,31.68,15.3,35.2,17.1,12.1
2009-06-05,2009,6,5,1,C,4,70.69,37.3,20.5,12.6,12.1
2009-06-05,2009,6,5,2,H,3,130.17,66.6,21.6,19.0,18.9
2009-06-05,2009,6,5,3,HN,6,105.55,55.8,21.3,18.2,18.1
2009-06-05,2009,6,5,4,HN,3,131.54,67.3,20.5,18.3,17.5
2009-06-05,2009,6,5,5,H,5,124.80,64.9,23.2,20.8,20.0
2009-06-05,2009,6,5,6,N,1,67.91,34.5,26.0,13.2,12.6
2009-06-05,2009,6,5,7,HN,5,136.95,71.0,23.5,21.0,20.3
2009-06-05,2009,6,5,8,H,2,92.52,47.3,20.5,18.0,17.7
2009-06-05,2009,6,5,9,N,5,99.23,52.1,24.1,13.1,12.2
2009-06-05,2009,6,5,10,HN,1,67.25,34.1,21.3,18.4,18.1
2009-06-05,2009,6,5,11,N,4,62.12,33.1,20.4,13.2,12.5
2009-06-05,2009,6,5,12,C,2,58.15,30.1,22.8,13.1,12.3
2009-06-05,2009,6,5,13,H,1,133.85,67.4,18.8,18.1,22.6
2009-06-05,2009,6,5,14,C,3,73.80,38.4,20.1,13.3,12.0
2009-06-05,2009,6,5,15,HN,2,130.07,66.0,21.0,19.0,18.5
2009-06-05,2009,6,5,16,N,2,72.69,37.3,20.9,13.0,12.3
2009-06-05,2009,6,5,17,HN,4,75.80,39.9,22.7,13.5,12.5
2009-06-05,2009,6,5,18,N,4,65.92,35.0,20.7,12.9,12.1
2009-06-05,2009,6,5,19,C,5,62.11,33.6,20.4,13.5,12.0
2009-06-05,2009,6,5,20,C,6,49.97,28.0,21.0,13.8,12.9
2009-06-05,2009,6,5,21,N,3,75.10,39.1,21.2,17.5,17.3
2009-06-05,2009,6,5,22,H,6,55.49,30.7,21.5,17.1,16.4
2009-06-05,2009,6,5,23,N,6,71.70,38.8,20.8,12.7,11.6
2009-06-05,2009,6,5,24,C,1,39.40,20.2,21.6,13.1,12.2
2009-06-18,2009,6,18,1,C,4,110.69,57.3,19.5,13.2,12.7
2009-06-18,2009,6,18,2,H,3,180.30,91.6,20.5,19.1,19.4
2009-06-18,2009,6,18,3,HN,6,134.45,70.2,26.4,18.5,19.7
2009-06-18,2009,6,18,4,HN,3,156.63,79.8,20.3,18.2,18.0
2009-06-18,2009,6,18,5,H,5,166.55,85.8,23.4,19.9,19.9
2009-06-18,2009,6,18,6,N,1,103.79,52.4,21.4,13.9,13.1
2009-06-18,2009,6,18,7,HN,5,187.16,96.1,27.7,21.9,22.0
2009-06-18,2009,6,18,8,H,2,176.61,89.3,23.7,18.5,18.2
2009-06-18,2009,6,18,9,N,5,138.71,71.9,19.9,13.7,12.7
2009-06-18,2009,6,18,10,HN,1,89.98,45.5,20.2,19.0,18.9
2009-06-18,2009,6,18,11,N,4,95.59,49.8,21.7,13.9,13.0
2009-06-18,2009,6,18,12,C,2,92.11,47.1,20.9,14.3,13.0
2009-06-18,2009,6,18,13,H,1,191.24,96.1,21.3,18.8,18.4
2009-06-18,2009,6,18,14,C,3,120.47,61.7,22.9,13.3,12.6
2009-06-18,2009,6,18,15,HN,2,115.49,58.7,20.2,19.7,18.8
2009-06-18,2009,6,18,16,,2,113.96,58.0,24.6,14.0,13.2
2009-06-18,2009,6,18,17,HN,4,101.92,53.0,22.4,18.0,17.8
2009-06-18,2009,6,18,18,N,4,89.49,46.7,20.7,18.1,18.0
2009-06-18,2009,6,18,19,C,5,94.13,49.6,22.6,14.1,12.8
2009-06-18,2009,6,18,20,C,6,103.17,54.6,25.9,14.4,13.0
2009-06-18,2009,6,18,21,N,3,121.01,62.0,19.9,13.8,12.7
2009-06-18,2009,6,18,22,H,6,80.31,43.2,20.3,13.5,12.6
2009-06-18,2009,6,18,23,N,6,119.89,62.9,20.2,13.9,12.9
2009-06-18,2009,6,18,24,C,1,73.06,37.0,19.1,12.7,12.3
2009-07-09,2009,7,9,1,C,4,148.79,76.4,18.9,16.4,15.7
2009-07-09,2009,7,9,2,H,3,184.71,93.9,19.2,22.9,22.2
2009-07-09,2009,7,9,3,HN,6,149.08,77.5,20.4,20.5,20.1
2009-07-09,2009,7,9,4,HN,3,157.72,80.4,19.2,19.4,18.8
2009-07-09,2009,7,9,5,H,5,169.80,87.4,20.5,22.9,22.8
2009-07-09,2009,7,9,6,N,1,133.77,67.4,20.6,16.9,16.0
2009-07-09,2009,7,9,7,HN,5,221.11,113.1,24.8,22.5,22.4
2009-07-09,2009,7,9,8,H,2,137.45,69.7,20.3,20.5,20.5
2009-07-09,2009,7,9,9,N,5,161.26,83.1,21.0,16.0,15.6
2009-07-09,2009,7,9,10,HN,1,118.36,59.7,22.4,20.8,20.6
2009-07-09,2009,7,9,11,N,4,136.26,70.1,19.3,16.5,15.8
2009-07-09,2009,7,9,12,C,2,97.76,49.9,19.8,16.2,15.8
2009-07-09,2009,7,9,13,H,1,183.88,92.4,19.8,20.6,20.3
2009-07-09,2009,7,9,14,C,3,136.87,69.9,19.5,15.7,15.1
2009-07-09,2009,7,9,15,HN,2,148.18,75.1,23.4,21.4,21.4
2009-07-09,2009,7,9,16,N,2,126.95,64.5,19.4,16.2,15.6
2009-07-09,2009,7,9,17,HN,4,96.74,50.4,20.4,19.9,19.7
2009-07-09,2009,7,9,18,N,4,102.48,53.2,19.5,19.9,19.9
2009-07-09,2009,7,9,19,C,5,126.25,65.6,20.1,16.1,15.5
2009-07-09,2009,7,9,20,C,6,106.70,56.3,21.0,16.3,15.6
2009-07-09,2009,7,9,21,N,3,179.90,91.5,19.8,15.9,15.2
2009-07-09,2009,7,9,22,H,6,90.48,48.2,20.3,15.8,15.3
2009-07-09,2009,7,9,23,N,6,121.93,64.0,19.4,16.0,15.5
2009-07-09,2009,7,9,24,C,1,89.45,45.2,21.8,15.6,15.1
2009-08-18,2009,8,18,1,C,4,99.70,51.9,31.2,21.1,20.2
2009-08-18,2009,8,18,2,H,3,104.92,54.0,29.6,25.0,24.4
2009-08-18,2009,8,18,3,HN,6,86.11,46.1,30.8,25.2,24.2
2009-08-18,2009,8,18,4,HN,3,124.11,63.6,30.2,24.9,23.5
2009-08-18,2009,8,18,5,H,5,115.87,60.4,30.8,28.7,28.3
2009-08-18,2009,8,18,6,N,1,110.80,55.9,31.3,21.7,20.4
2009-08-18,2009,8,18,7,HN,5,128.19,66.6,40.9,31.7,30.0
2009-08-18,2009,8,18,8,H,2,104.91,53.5,30.4,26.4,25.9
2009-08-18,2009,8,18,9,N,5,108.10,56.6,29.2,21.5,19.9
2009-08-18,2009,8,18,10,HN,1,95.35,48.2,29.3,25.9,25.2
2009-08-18,2009,8,18,11,N,4,100.08,52.0,29.9,21.1,20.1
2009-08-18,2009,8,18,12,C,2,88.16,45.1,31.4,20.5,19
2009-08-18,2009,8,18,13,H,1,135.40,68.2,30.6,27.0,25.9
2009-08-18,2009,8,18,14,C,3,105.80,54.4,30.1,20.8,19.5
2009-08-18,2009,8,18,15,HN,2,103.17,52.6,30.9,28.2,27.4
2009-08-18,2009,8,18,16,N,2,105.88,53.9,29.2,20.8,19.8
2009-08-18,2009,8,18,17,HN,4,83.71,43.9,30.3,25.0,24.3
2009-08-18,2009,8,18,18,N,4,61.80,32.9,30.3,24.8,23.9
2009-08-18,2009,8,18,19,C,5,71.50,38.2,29.0,21.1,20.1
2009-08-18,2009,8,18,20,C,6,92.64,49.3,31.8,20.9,19.9
2009-08-18,2009,8,18,21,N,3,106.61,54.8,30.4,21.1,20.0
2009-08-18,2009,8,18,22,H,6,76.90,41.5,27.9,21.2,20.2
2009-08-18,2009,8,18,23,N,6,90.63,48.3,28.2,21.5,20.2
2009-08-18,2009,8,18,24,C,1,62.07,31.5,26.5,21.2,19.4
2009-09-25,2009,9,25,1,C,4,50.44,27.2,15.7,14.4,14.6
2009-09-25,2009,9,25,2,H,3,55.10,29.0,14.5,19.2,20.0
2009-09-25,2009,9,25,3,HN,6,49.11,27.6,14.3,17.9,18.7
2009-09-25,2009,9,25,4,HN,3,73.69,38.3,15.9,18.1,18.8
2009-09-25,2009,9,25,5,H,5,64.93,35.0,16.9,22.5,22.9
2009-09-25,2009,9,25,6,N,1,63.47,32.2,16.2,14.1,14.7
2009-09-25,2009,9,25,7,HN,5,76.28,40.6,15.9,23.4,23.9
2009-09-25,2009,9,25,8,H,2,62.04,32.0,17.1,20.2,20.4
2009-09-25,2009,9,25,9,N,5,63.18,34.1,17.9,13.9,14.6
2009-09-25,2009,9,25,10,HN,1,59.55,30.3,14.3,19.8,21.1
2009-09-25,2009,9,25,11,N,4,55.67,29.8,15.3,13.7,14.6
2009-09-25,2009,9,25,12,C,2,45.66,23.8,15.3,13.7,14.3
2009-09-25,2009,9,25,13,H,1,65.12,33.1,16.3,19.0,19.8
2009-09-25,2009,9,25,14,C,3,68.33,35.7,16.5,14.3,14.5
2009-09-25,2009,9,25,15,HN,2,55.11,28.6,15.9,18.9,19.6
2009-09-25,2009,9,25,16,N,2,57.78,29.9,15.3,13.7,14.3
2009-09-25,2009,9,25,17,HN,4,59.84,31.9,16.4,18.2,18.7
2009-09-25,2009,9,25,18,N,4,40.89,22.4,15.5,18.3,19.3
2009-09-25,2009,9,25,19,C,5,40.07,22.5,15.3,13.9,15.2
2009-09-25,2009,9,25,20,C,6,52.25,29.1,14.8,14.3,14.6
2009-09-25,2009,9,25,21,N,3,57.88,30.4,14.7,13.7,14.2
2009-09-25,2009,9,25,22,H,6,44.61,25.3,14.5,13.5,14.2
2009-09-25,2009,9,25,23,N,6,59.42,32.7,14.9,14.0,14.4
2009-09-25,2009,9,25,24,C,1,74.72,37.9,14.2,13.2,13.6
2009-10-30,2009,10,30,1,C,4,109.40,NA,10.2,9.1,8.6
2009-10-30,2009,10,30,2,H,3,36.82,NA,9.8,9.0,8.5
2009-10-30,2009,10,30,3,HN,6,69.03,NA,10.8,15.4,13.6
2009-10-30,2009,10,30,4,HN,3,79.33,NA,10.5,16.5,15.3
2009-10-30,2009,10,30,5,H,5,93.57,NA,10.5,16.1,16.3
2009-10-30,2009,10,30,6,N,1,78.22,NA,10.4,8.7,8.7
2009-10-30,2009,10,30,7,HN,5,119.03,NA,11.8,17.5,18.1
2009-10-30,2009,10,30,8,H,2,77.00,NA,10.7,13.6,14.9
2009-10-30,2009,10,30,9,N,5,81.71,NA,10.8,9.0,8.7
2009-10-30,2009,10,30,10,HN,1,64.96,NA,11.2,13.9,14.4
2009-10-30,2009,10,30,11,N,4,71.95,NA,10.9,8.8,8.7
2009-10-30,2009,10,30,12,C,2,46.45,NA,12.3,8.3,8.4
2009-10-30,2009,10,30,13,H,1,100.74,NA,10.4,15.5,15.4
2009-10-30,2009,10,30,14,C,3,80.57,NA,10.7,9.2,9.1
2009-10-30,2009,10,30,15,HN,2,82.60,NA,10.3,14.9,14.8
2009-10-30,2009,10,30,16,N,2,81.40,NA,10.9,9.0,8.6
2009-10-30,2009,10,30,17,HN,4,66.10,NA,11.3,13.5,12.9
2009-10-30,2009,10,30,18,N,4,33.50,NA,10.8,12.4,13.2
2009-10-30,2009,10,30,19,C,5,59.63,NA,10.3,8.6,8.5
2009-10-30,2009,10,30,20,C,6,69.95,NA,9.9,9.8,8.8
2009-10-30,2009,10,30,21,N,3,67.54,NA,10.0,9.3,8.8
2009-10-30,2009,10,30,22,H,6,48.94,NA,10.6,8.5,8.5
2009-10-30,2009,10,30,23,N,6,69.22,NA,10.9,9.2,8.3
2009-10-30,2009,10,30,24,C,1,42.72,NA,9.9,9.6,8.7
2010-04-08,2010,4,8,1,C,4,30.20,NA,31.6,12.5,10.7
2010-04-08,2010,4,8,2,H,3,29.81,NA,30.4,12.3,10.1
2010-04-08,2010,4,8,3,HN,6,63.49,NA,26.9,17.8,15.7
2010-04-08,2010,4,8,4,HN,3,42.22,NA,29.0,18.1,15.8
2010-04-08,2010,4,8,5,H,5,83.95,NA,26.3,20.4,19.9
2010-04-08,2010,4,8,6,N,1,29.97,NA,27.4,12.0,10.3
2010-04-08,2010,4,8,7,HN,5,97.77,NA,28.7,20.1,18.7
2010-04-08,2010,4,8,8,H,2,31.71,NA,38.5,17.0,16.2
2010-04-08,2010,4,8,9,N,5,50.70,NA,33.8,13.7,10.5
2010-04-08,2010,4,8,10,HN,1,32.58,NA,28.9,17.5,15.7
2010-04-08,2010,4,8,11,N,4,34.10,NA,33.2,13.5,11.4
2010-04-08,2010,4,8,12,C,2,20.57,NA,26.6,12.8,10.6
2010-04-08,2010,4,8,13,H,1,35.92,NA,26.3,17.8,17.0
2010-04-08,2010,4,8,14,C,3,26.07,NA,31.8,14.5,10.5
2010-04-08,2010,4,8,15,HN,2,27.96,NA,31.4,20.4,19.2
2010-04-08,2010,4,8,16,N,2,31.40,NA,29.8,12.0,10.3
2010-04-08,2010,4,8,17,HN,4,29.46,NA,32.1,16.6,14.5
2010-04-08,2010,4,8,18,H,4,21.42,NA,29.0,17.8,15.3
2010-04-08,2010,4,8,19,C,5,35.48,NA,25.3,13.9,11.9
2010-04-08,2010,4,8,20,C,6,60.51,NA,27.6,13.3,11.1
2010-04-08,2010,4,8,21,N,3,26.74,NA,26.9,14.5,11.0
2010-04-08,2010,4,8,22,H,6,NA,NA,29.4,11.9,10.3
2010-04-08,2010,4,8,23,N,6,46.03,NA,28.5,13.1,11.2
2010-04-08,2010,4,8,24,C,1,9.21,NA,25.2,13.3,11.2
2010-05-18,2010,5,18,1,C,4,44.48,NA,16.7,11.1,10.7
2010-05-18,2010,5,18,2,H,3,28.36,NA,16.9,11.4,10.7
2010-05-18,2010,5,18,3,HN,6,73.12,NA,18.6,18.1,17.6
2010-05-18,2010,5,18,4,HN,3,92.99,NA,16.2,17.1,16.6
2010-05-18,2010,5,18,5,H,5,109.83,NA,18.2,20.0,19.9
2010-05-18,2010,5,18,6,N,1,63.16,NA,17.6,12.0,11.3
2010-05-18,2010,5,18,7,HN,5,165.29,NA,20.3,24.8,24.2
2010-05-18,2010,5,18,8,H,2,81.55,NA,17.5,17.3,16.9
2010-05-18,2010,5,18,9,N,5,64.54,NA,16.1,11.5,10.7
2010-05-18,2010,5,18,10,HN,1,80.66,NA,17.3,17.7,17.6
2010-05-18,2010,5,18,11,N,4,49.98,NA,17.7,12.2,11.3
2010-05-18,2010,5,18,12,C,2,36.85,NA,17.7,11.8,11.1
2010-05-18,2010,5,18,13,H,1,108.01,NA,17.3,17.6,17.6
2010-05-18,2010,5,18,14,C,3,63.85,NA,16.5,11.9,11.0
2010-05-18,2010,5,18,15,HN,2,NA,NA,16.7,19.2,18.6
2010-05-18,2010,5,18,16,N,2,60.50,NA,17.8,11.6,10.9
2010-05-18,2010,5,18,17,HN,4,54.56,NA,17.8,15.8,15.4
2010-05-18,2010,5,18,18,H,4,53.67,NA,17.6,15.5,15.2
2010-05-18,2010,5,18,19,C,5,33.58,NA,17.2,11.7,11.0
2010-05-18,2010,5,18,20,C,6,55.74,NA,14.6,11.5,10.9
2010-05-18,2010,5,18,21,N,3,61.96,NA,16.7,10.9,10.4
2010-05-18,2010,5,18,22,H,6,NA,NA,13.8,11.3,10.8
2010-05-18,2010,5,18,23,N,6,53.53,NA,17.1,11.6,11.0
2010-05-18,2010,5,18,24,C,1,38.98,NA,12.1,11.8,11.0
2010-06-15,2010,6,15,1,C,4,113.00,NA,19.9,15.4,14.3
2010-06-15,2010,6,15,2,H,3,82.75,NA,21.7,14.8,14.1
2010-06-15,2010,6,15,3,HN,6,102.84,NA,22.1,19.0,18.8
2010-06-15,2010,6,15,4,HN,3,148.77,NA,21.5,21.8,22.2
2010-06-15,2010,6,15,5,H,5,85.40,NA,22.4,21.4,22.1
2010-06-15,2010,6,15,6,N,1,46.72,NA,23.0,17.0,15.5
2010-06-15,2010,6,15,7,HN,5,113.86,NA,24.1,24.7,25.4
2010-06-15,2010,6,15,8,H,2,138.99,NA,21.5,20.1,19.7
2010-06-15,2010,6,15,9,N,5,46.15,NA,22.8,16.2,14.7
2010-06-15,2010,6,15,10,HN,1,51.41,NA,20.3,20.1,20.9
2010-06-15,2010,6,15,11,N,4,78.18,NA,20.4,15.1,14.4
2010-06-15,2010,6,15,12,C,2,86.96,NA,21.4,15.1,14.4
2010-06-15,2010,6,15,13,H,1,63.92,NA,22.5,20.2,20.4
2010-06-15,2010,6,15,14,C,3,59.66,NA,21.9,15.3,14.1
2010-06-15,2010,6,15,15,HN,2,65.35,NA,22.7,23.0,22.2
2010-06-15,2010,6,15,16,N,2,115.34,NA,22.3,16.3,14.4
2010-06-15,2010,6,15,17,HN,4,103.40,NA,21.5,19.5,19.3
2010-06-15,2010,6,15,18,H,4,83.90,NA,24.5,18.9,18.9
2010-06-15,2010,6,15,19,C,5,50.65,NA,NA,NA,NA
2010-06-15,2010,6,15,20,C,6,NA,NA,14.6,11.5,10.9
2010-06-15,2010,6,15,21,N,3,43.58,NA,22.5,16.3,14.4
2010-06-15,2010,6,15,22,H,6,NA,NA,22.4,15.7,14.4
2010-06-15,2010,6,15,23,N,6,65.39,NA,25.1,16.3,14.4
2010-06-15,2010,6,15,24,C,1,46.00,NA,20.7,15.8,14.5
2010-07-14,2010,7,14,1,C,4,NA,NA,25.4,20.8,19.5
2010-07-14,2010,7,14,2,H,3,44.46,NA,26.0,23.8,23.1
2010-07-14,2010,7,14,3,HN,6,157.50,NA,26.8,23.6,23.2
2010-07-14,2010,7,14,4,HN,3,116.08,NA,26.3,28.0,27.8
2010-07-14,2010,7,14,5,H,5,79.01,NA,27.4,28.3,29.3
2010-07-14,2010,7,14,6,N,1,81.59,NA,27.9,21.2,20.1
2010-07-14,2010,7,14,7,HN,5,145.83,NA,26.8,29.2,30.1
2010-07-14,2010,7,14,8,H,2,69.14,NA,28.7,25.9,25.6
2010-07-14,2010,7,14,9,N,5,117.88,NA,25.9,22.2,20.2
2010-07-14,2010,7,14,10,HN,1,70.83,NA,26.0,25.3,25.6
2010-07-14,2010,7,14,11,N,4,70.92,NA,27.1,20.9,19.4
2010-07-14,2010,7,14,12,C,2,68.53,NA,26.9,20.6,19.4
2010-07-14,2010,7,14,13,H,1,73.25,NA,27.2,26.2,25.2
2010-07-14,2010,7,14,14,C,3,106.70,NA,26.2,20.4,14.8
2010-07-14,2010,7,14,15,HN,2,80.15,NA,29.2,28.6,28.5
2010-07-14,2010,7,14,16,N,2,66.68,NA,26.6,20.8,19.6
2010-07-14,2010,7,14,17,HN,4,79.68,NA,27.1,25.1,24.8
2010-07-14,2010,7,14,18,H,4,66.42,NA,27.2,24.7,24.2
2010-07-14,2010,7,14,19,C,5,109.33,NA,26.3,20.4,19.5
2010-07-14,2010,7,14,20,C,6,73.26,NA,27.4,20.8,19.3
2010-07-14,2010,7,14,21,N,3,119.26,NA,28.2,21.2,20.1
2010-07-14,2010,7,14,22,H,6,NA,NA,25.7,20.8,19.8
2010-07-14,2010,7,14,23,N,6,64.29,NA,26.5,20.9,19.3
2010-07-14,2010,7,14,24,C,1,NA,NA,26.0,20.1,18.7
2010-08-19,2010,8,19,1,C,4,106.20,NA,22.4,18.8,18.4
2010-08-19,2010,8,19,2,H,3,112.08,NA,22.7,22.5,23.0
2010-08-19,2010,8,19,3,HN,6,83.90,NA,22.3,21.2,21.3
2010-08-19,2010,8,19,4,HN,3,135.29,NA,24.4,27.8,29.2
2010-08-19,2010,8,19,5,H,5,56.88,NA,24.3,26.3,27.8
2010-08-19,2010,8,19,6,N,1,89.48,NA,24.0,19.3,18.9
2010-08-19,2010,8,19,7,HN,5,153.03,NA,23.2,29.4,32.3
2010-08-19,2010,8,19,8,H,2,117.10,NA,23.6,25.6,26.5
2010-08-19,2010,8,19,9,N,5,96.32,NA,22.3,19.4,18.8
2010-08-19,2010,8,19,10,HN,1,87.60,NA,22.1,24.3,25.5
2010-08-19,2010,8,19,11,N,4,85.65,NA,23.9,19.2,18.7
2010-08-19,2010,8,19,12,C,2,72.76,NA,22.0,18.9,18.5
2010-08-19,2010,8,19,13,H,1,126.08,NA,24.2,24.7,25.4
2010-08-19,2010,8,19,14,C,3,101.08,NA,23.8,19.5,18.3
2010-08-19,2010,8,19,15,HN,2,57.42,NA,24.1,25.1,25.7
2010-08-19,2010,8,19,16,N,2,107.72,NA,23.1,19.2,18.5
2010-08-19,2010,8,19,17,HN,4,85.50,NA,24.2,22.8,22.8
2010-08-19,2010,8,19,18,H,4,155.55,NA,25.4,22.6,22.8
2010-08-19,2010,8,19,19,C,5,63.06,NA,24.3,19.0,19.0
2010-08-19,2010,8,19,20,C,6,73.82,NA,25.3,19.1,18.5
2010-08-19,2010,8,19,21,N,3,101.61,NA,24.2,18.9,18.4
2010-08-19,2010,8,19,22,H,6,NA,NA,23.5,19.1,18.8
2010-08-19,2010,8,19,23,N,6,107.16,NA,25.8,19.6,18.5
2010-08-19,2010,8,19,24,C,1,74.69,NA,23.5,18.6,17.9
2010-09-23,2010,9,23,1,C,4,58.31,NA,22.5,15.0,14.2
2010-09-23,2010,9,23,2,H,3,88.29,NA,22.5,19.2,19.1
2010-09-23,2010,9,23,3,HN,6,66.88,NA,23.3,17.8,18.0
2010-09-23,2010,9,23,4,HN,3,134.50,NA,22.8,21.1,20.5
2010-09-23,2010,9,23,5,H,5,89.02,NA,22.3,23.0,23.9
2010-09-23,2010,9,23,6,N,1,33.08,NA,24.5,16.4,14.7
2010-09-23,2010,9,23,7,HN,5,196.35,NA,23.8,24.6,25.5
2010-09-23,2010,9,23,8,H,2,78.28,NA,23.8,21.2,21.3
2010-09-23,2010,9,23,9,N,5,72.01,NA,22.5,16.2,14.5
2010-09-23,2010,9,23,10,HN,1,72.13,NA,22.4,20.5,20.9
2010-09-23,2010,9,23,11,N,4,54.56,NA,22.5,16.3,14.7
2010-09-23,2010,9,23,12,C,2,49.59,NA,24.4,15.9,14.6
2010-09-23,2010,9,23,13,H,1,94.79,NA,24.8,21.3,21.0
2010-09-23,2010,9,23,14,C,3,59.66,NA,23.5,16.9,15.1
2010-09-23,2010,9,23,15,HN,2,53.92,NA,23.3,22.4,22.7
2010-09-23,2010,9,23,16,N,2,68.62,NA,22.5,15.3,14.3
2010-09-23,2010,9,23,17,HN,4,67.46,NA,24.4,19.5,18.8
2010-09-23,2010,9,23,18,H,4,47.72,NA,27.6,20.0,19.3
2010-09-23,2010,9,23,19,C,5,37.98,NA,22.5,15.4,14.1
2010-09-23,2010,9,23,20,C,6,51.32,NA,24.3,15.5,14.7
2010-09-23,2010,9,23,21,N,3,63.57,NA,22.9,16.1,14.6
2010-09-23,2010,9,23,22,H,6,34.59,NA,22.0,15.2,14.0
2010-09-23,2010,9,23,23,N,6,86.75,NA,23.0,16.2,14.1
2010-09-23,2010,9,23,24,C,1,44.73,NA,22.0,15.4,14.1
2010-10-30,2010,10,30,1,C,4,90.58,NA,13.7,12.1,12.1
2010-10-30,2010,10,30,2,H,3,20.77,NA,14.0,19.1,19.4
2010-10-30,2010,10,30,3,HN,6,37.71,NA,14.5,21.9,23.2
2010-10-30,2010,10,30,4,HN,3,60.57,NA,14.2,17.7,17.7
2010-10-30,2010,10,30,5,H,5,168.28,NA,14.4,19.5,20.5
2010-10-30,2010,10,30,6,N,1,72.29,NA,13.5,12.6,12.3
2010-10-30,2010,10,30,7,HN,5,117.64,NA,14.1,20.7,20.4
2010-10-30,2010,10,30,8,H,2,83.53,NA,13.9,18.0,18.4
2010-10-30,2010,10,30,9,N,5,62.67,NA,13.2,13.1,12.5
2010-10-30,2010,10,30,10,HN,1,20.75,NA,13.8,20.3,20.5
2010-10-30,2010,10,30,11,N,4,41.67,NA,13.6,12.5,12.5
2010-10-30,2010,10,30,12,C,2,28.25,NA,15.7,12.5,11.9
2010-10-30,2010,10,30,13,H,1,116.74,NA,17.7,16.7,17.1
2010-10-30,2010,10,30,14,C,3,102.93,NA,16.8,12.5,12.5
2010-10-30,2010,10,30,15,HN,2,53.09,NA,17.9,17.8,18.4
2010-10-30,2010,10,30,16,N,2,70.09,NA,16.2,12.3,12.0
2010-10-30,2010,10,30,17,HN,4,34.08,NA,16.7,16.9,17.5
2010-10-30,2010,10,30,18,H,4,39.90,NA,17.0,16.8,17.4
2010-10-30,2010,10,30,19,C,5,84.70,NA,15.8,12.1,11.9
2010-10-30,2010,10,30,20,C,6,27.75,NA,17.1,12.4,12.2
2010-10-30,2010,10,30,21,N,3,NA,NA,16.9,12.1,11.9
2010-10-30,2010,10,30,22,H,6,25.73,NA,16.9,18.2,18.8
2010-10-30,2010,10,30,23,N,6,91.29,NA,17.0,12.9,12.1
2010-10-30,2010,10,30,24,C,1,102.77,NA,16.4,12.0,11.8
2011-05-07,2011,5,7,1,C,4,134.92,NA,22.6,11.2,9.4
2011-05-07,2011,5,7,2,H,3,104.22,NA,25.7,15.4,13.8
2011-05-07,2011,5,7,3,HN,6,288.00,NA,22.8,14.3,13.3
2011-05-07,2011,5,7,4,HN,3,217.51,NA,23.7,17.5,16.2
2011-05-07,2011,5,7,5,H,5,155.68,NA,23.1,19.8,19.5
2011-05-07,2011,5,7,6,N,1,86.49,NA,24.8,11.1,9.6
2011-05-07,2011,5,7,7,HN,5,95.14,NA,29.0,20.4,19.3
2011-05-07,2011,5,7,8,H,2,89.51,NA,27.1,17.3,15.9
2011-05-07,2011,5,7,9,N,5,148.32,NA,27.2,11.5,9.9
2011-05-07,2011,5,7,10,HN,1,102.05,NA,24.6,17.5,16.0
2011-05-07,2011,5,7,11,N,4,73.95,NA,24.4,12.1,9.9
2011-05-07,2011,5,7,12,C,2,123.68,NA,23.6,11.3,10.0
2011-05-07,2011,5,7,13,H,1,106.81,NA,22.7,17.1,15.9
2011-05-07,2011,5,7,14,C,3,109.41,NA,22.0,11.5,9.9
2011-05-07,2011,5,7,15,HN,2,188.54,NA,22.0,11.5,9.9
2011-05-07,2011,5,7,16,N,2,104.22,NA,23.4,17.8,16.1
2011-05-07,2011,5,7,17,HN,4,103.78,NA,24.4,11.4,9.4
2011-05-07,2011,5,7,18,H,4,122.81,NA,23.6,16.7,13.1
2011-05-07,2011,5,7,19,C,5,84.32,NA,23.5,15.9,14.1
2011-05-07,2011,5,7,20,C,6,95.14,NA,23.0,12.1,10.4
2011-05-07,2011,5,7,21,N,3,80.43,NA,25.0,12.7,9.8
2011-05-07,2011,5,7,22,H,6,NA,NA,21.8,10.2,9.3
2011-05-07,2011,5,7,23,N,6,115.03,NA,21.3,13.0,10.3
2011-05-07,2011,5,7,24,C,1,121.51,NA,20.7,11.1,10.6
2011-06-30,2011,6,30,1,C,4,141.91,NA,20.3,17.6,16.6
2011-06-30,2011,6,30,2,H,3,146.33,NA,20.9,20.2,19.7
2011-06-30,2011,6,30,3,HN,6,139.87,NA,19.9,21.2,20.3
2011-06-30,2011,6,30,4,HN,3,146.34,NA,21.3,22.3,22.0
2011-06-30,2011,6,30,5,H,5,168.44,NA,21.3,23.1,22.7
2011-06-30,2011,6,30,6,N,1,129.74,NA,20.2,18.4,17.3
2011-06-30,2011,6,30,7,HN,5,246.14,NA,23.2,28.7,28.8
2011-06-30,2011,6,30,8,H,2,143.09,NA,21.4,22.5,23.3
2011-06-30,2011,6,30,9,N,5,134.47,NA,19.6,17.6,16.8
2011-06-30,2011,6,30,10,HN,1,128.40,NA,20.4,22.9,23.1
2011-06-30,2011,6,30,11,N,4,140.60,NA,20.3,18.5,17.8
2011-06-30,2011,6,30,12,C,2,109.82,NA,19.2,17.8,16.7
2011-06-30,2011,6,30,13,H,1,203.56,NA,22.5,23.2,22.6
2011-06-30,2011,6,30,14,C,3,139.94,NA,18.9,17.8,16.1
2011-06-30,2011,6,30,15,HN,2,163.64,NA,23.0,23.3,22.1
2011-06-30,2011,6,30,16,N,2,165.33,NA,19.8,17.8,16.6
2011-06-30,2011,6,30,17,HN,4,116.15,NA,20.3,21.6,21.2
2011-06-30,2011,6,30,18,H,4,122.05,NA,20.1,21.4,21.1
2011-06-30,2011,6,30,19,C,5,104.40,NA,19.4,17.3,16.4
2011-06-30,2011,6,30,20,C,6,114.05,NA,19.2,17.7,16.7
2011-06-30,2011,6,30,21,N,3,166.41,NA,19.8,17.6,16.7
2011-06-30,2011,6,30,22,H,6,132.42,NA,19.1,17.9,16.7
2011-06-30,2011,6,30,23,N,6,139.63,NA,20.1,18.2,16.7
2011-06-30,2011,6,30,24,C,1,85.10,NA,18.1,16.5,15.4
2011-07-17,2011,7,17,1,C,4,250.38,NA,NA,18.4,NA
2011-07-17,2011,7,17,2,H,3,202.81,NA,NA,19.3,NA
2011-07-17,2011,7,17,3,HN,6,424.65,NA,NA,18.6,NA
2011-07-17,2011,7,17,4,HN,3,268.97,NA,NA,16.9,NA
2011-07-17,2011,7,17,5,H,5,407.78,NA,NA,18.7,NA
2011-07-17,2011,7,17,6,N,1,234.38,NA,NA,16.7,NA
2011-07-17,2011,7,17,7,HN,5,149.62,NA,NA,22.1,NA
2011-07-17,2011,7,17,8,H,2,287.13,NA,NA,23.9,NA
2011-07-17,2011,7,17,9,N,5,302.27,NA,NA,22.7,NA
2011-07-17,2011,7,17,10,HN,1,217.08,NA,NA,22.9,NA
2011-07-17,2011,7,17,11,N,4,306.16,NA,NA,22.5,NA
2011-07-17,2011,7,17,12,C,2,297.51,NA,NA,20.5,NA
2011-07-17,2011,7,17,13,H,1,172.97,NA,NA,24.0,NA
2011-07-17,2011,7,17,14,C,3,198.49,NA,NA,22.2,NA
2011-07-17,2011,7,17,15,HN,2,281.08,NA,NA,26.9,NA
2011-07-17,2011,7,17,16,N,2,253.41,NA,NA,23.8,NA
2011-07-17,2011,7,17,17,HN,4,308.32,NA,NA,23.4,NA
2011-07-17,2011,7,17,18,H,4,212.32,NA,NA,23.7,NA
2011-07-17,2011,7,17,19,C,5,203.24,NA,NA,18.8,NA
2011-07-17,2011,7,17,20,C,6,192.00,NA,NA,18.8,NA
2011-07-17,2011,7,17,21,N,3,259.03,NA,NA,19.1,NA
2011-07-17,2011,7,17,22,H,6,257.73,NA,NA,18.6,NA
2011-07-17,2011,7,17,23,N,6,228.32,NA,NA,18.7,NA
2011-07-17,2011,7,17,24,C,1,315.24,NA,NA,18.7,NA
2011-08-27,2011,8,27,1,C,4,391.78,NA,24.7,19.2,18.3
2011-08-27,2011,8,27,2,H,3,374.49,NA,24.8,23.9,23.3
2011-08-27,2011,8,27,3,HN,6,404.32,NA,25.5,26.7,26.9
2011-08-27,2011,8,27,4,HN,3,482.59,NA,24.2,22.1,21.7
2011-08-27,2011,8,27,5,H,5,385.73,NA,24.7,24.7,25.0
2011-08-27,2011,8,27,6,N,1,313.51,NA,24.3,19.2,18.3
2011-08-27,2011,8,27,7,HN,5,310.49,NA,24.7,25.1,25.0
2011-08-27,2011,8,27,8,H,2,385.30,NA,24.6,22.8,22.6
2011-08-27,2011,8,27,9,N,5,441.51,NA,24.7,20.0,18.5
2011-08-27,2011,8,27,10,HN,1,424.22,NA,24.0,24.6,24.4
2011-08-27,2011,8,27,11,N,4,401.73,NA,24.7,19.6,18.7
2011-08-27,2011,8,27,12,C,2,284.97,NA,24.1,20.7,18.2
2011-08-27,2011,8,27,13,H,1,417.30,NA,24.7,22.6,22.0
2011-08-27,2011,8,27,14,C,3,348.54,NA,23.9,19.3,18.0
2011-08-27,2011,8,27,15,HN,2,448.00,NA,24.3,23.4,23.1
2011-08-27,2011,8,27,16,N,2,416.00,NA,24.8,19.3,18.5
2011-08-27,2011,8,27,17,HN,4,359.35,NA,24.2,25.8,25.3
2011-08-27,2011,8,27,18,H,4,270.70,NA,24.2,23.5,22.8
2011-08-27,2011,8,27,19,C,5,313.08,NA,27.1,20.2,18.5
2011-08-27,2011,8,27,20,C,6,298.38,NA,24.3,19.6,18.4
2011-08-27,2011,8,27,21,N,3,368.00,NA,24.8,19.7,18.1
2011-08-27,2011,8,27,22,H,6,NA,NA,24.6,23.1,23.0
2011-08-27,2011,8,27,23,N,6,321.73,NA,25.0,20.0,18.7
2011-08-27,2011,8,27,24,C,1,507.24,NA,23.0,20.3,17.6
2011-09-30,2011,9,30,1,C,4,137.95,NA,NA,15.0,NA
2011-09-30,2011,9,30,2,H,3,118.05,NA,NA,19.2,NA
2011-09-30,2011,9,30,3,HN,6,231.78,NA,NA,17.8,NA
2011-09-30,2011,9,30,4,HN,3,161.30,NA,NA,21.1,NA
2011-09-30,2011,9,30,5,H,5,195.89,NA,NA,23.0,NA
2011-09-30,2011,9,30,6,N,1,158.27,NA,NA,16.4,NA
2011-09-30,2011,9,30,7,HN,5,128.00,NA,NA,24.6,NA
2011-09-30,2011,9,30,8,H,2,156.54,NA,NA,21.2,NA
2011-09-30,2011,9,30,9,N,5,220.11,NA,NA,16.2,NA
2011-09-30,2011,9,30,10,HN,1,223.57,NA,NA,20.5,NA
2011-09-30,2011,9,30,11,N,4,173.84,NA,NA,16.3,NA
2011-09-30,2011,9,30,12,C,2,145.30,NA,NA,15.9,NA
2011-09-30,2011,9,30,13,H,1,123.24,NA,NA,21.3,NA
2011-09-30,2011,9,30,14,C,3,131.89,NA,NA,16.9,NA
2011-09-30,2011,9,30,15,HN,2,161.30,NA,NA,22.4,NA
2011-09-30,2011,9,30,16,N,2,194.16,NA,NA,15.3,NA
2011-09-30,2011,9,30,17,HN,4,170.38,NA,NA,19.5,NA
2011-09-30,2011,9,30,18,H,4,108.54,NA,NA,20.0,NA
2011-09-30,2011,9,30,19,C,5,150.05,NA,NA,15.4,NA
2011-09-30,2011,9,30,20,C,6,128.00,NA,NA,15.5,NA
2011-09-30,2011,9,30,21,N,3,207.13,NA,NA,16.1,NA
2011-09-30,2011,9,30,22,H,6,NA,NA,NA,15.2,NA
2011-09-30,2011,9,30,23,N,6,144.86,NA,NA,16.2,NA
2011-09-30,2011,9,30,24,C,1,160.43,NA,NA,15.4,NA
2012-05-17,2012,5,17,1,C,4,58.38,11.5,17.2,16.6,NA
2012-05-17,2012,5,17,2,H,3,40.65,11.0,17.2,16.5,NA
2012-05-17,2012,5,17,3,HN,6,53.62,10.3,17.2,16.3,NA
2012-05-17,2012,5,17,4,HN,3,71.78,10.9,17.2,16.2,NA
2012-05-17,2012,5,17,5,H,5,49.73,10.6,17.2,16.1,NA
2012-05-17,2012,5,17,6,N,1,33.73,9.6,17.2,15.9,NA
2012-05-17,2012,5,17,7,HN,5,45.84,10.4,17.2,16.0,NA
2012-05-17,2012,5,17,8,H,2,54.92,10.9,17.2,15.8,NA
2012-05-17,2012,5,17,10,HN,1,53.19,10.6,17.2,15.5,NA
2012-05-17,2012,5,17,11,N,4,55.35,10.4,17.2,15.4,NA
2012-05-17,2012,5,17,12,C,2,48.00,10.0,17.2,15.3,NA
2012-05-17,2012,5,17,13,H,1,32.86,10.5,17.2,16.5,NA
2012-05-17,2012,5,17,14,C,3,54.49,12.3,17.2,16.2,NA
2012-05-17,2012,5,17,15,HN,2,38.49,10.5,17.2,16.4,NA
2012-05-17,2012,5,17,16,N,2,89.08,9.4,17.2,16.5,NA
2012-05-17,2012,5,17,17,HN,4,53.19,10.9,17.2,16.8,NA
2012-05-17,2012,5,17,18,H,4,77.84,10.9,17.2,16.7,NA
2012-05-17,2012,5,17,19,C,5,75.24,13.1,17.2,16.6,NA
2012-05-17,2012,5,17,20,C,6,35.89,12.7,17.2,16.3,NA
2012-05-17,2012,5,17,21,N,3,37.19,10.9,17.2,16.3,NA
2012-05-17,2012,5,17,22,H,6,45.41,10.1,17.2,15.2,NA
2012-05-17,2012,5,17,23,N,6,51.03,10.5,17.2,16.3,NA
2012-05-17,2012,5,17,24,C,1,30.70,11.2,17.2,17.1,NA
2012-06-11,2012,6,11,1,C,4,41.08,8.9,17.2,16.0,NA
2012-06-11,2012,6,11,2,H,3,94.27,15.0,19.7,15.4,14.2
2012-06-11,2012,6,11,3,HN,6,87.78,17.0,19.6,18.3,18.3
2012-06-11,2012,6,11,4,HN,3,138.81,10.0,19.7,19.5,19.6
2012-06-11,2012,6,11,5,H,5,153.08,10.0,20.3,19.7,19.9
2012-06-11,2012,6,11,6,N,1,112.43,13.0,21.0,19.3,19.0
2012-06-11,2012,6,11,7,HN,5,71.35,10.0,20.2,15.7,14.9
2012-06-11,2012,6,11,8,H,2,75.68,12.0,20.0,19.3,19.2
2012-06-11,2012,6,11,9,N,5,160.43,14.0,20.3,20.5,21.0
2012-06-11,2012,6,11,10,HN,1,66.59,13.0,19.8,15.9,14.7
2012-06-11,2012,6,11,11,N,4,54.49,16.0,19.6,19.6,19.3
2012-06-11,2012,6,11,12,C,2,65.30,13.0,19.8,16.6,14.6
2012-06-11,2012,6,11,13,H,1,102.49,17.0,20.1,16.6,14.9
2012-06-11,2012,6,11,14,C,3,125.41,15.0,20.4,20.3,20.5
2012-06-11,2012,6,11,15,HN,2,70.05,20.0,21.2,16.3,14.3
2012-06-11,2012,6,11,16,N,2,132.76,15.0,20.8,20.0,20.6
2012-06-11,2012,6,11,17,HN,4,116.76,13.0,20.1,15.3,14.1
2012-06-11,2012,6,11,18,H,4,145.73,11.0,19.9,22.7,21.9
2012-06-11,2012,6,11,19,C,5,90.81,16.0,20.8,20.3,20.4
2012-06-11,2012,6,11,20,C,6,71.78,11.0,19.9,14.5,15.1
2012-06-11,2012,6,11,21,N,3,87.78,15.0,20.3,15.8,14.4
2012-06-11,2012,6,11,22,H,6,102.05,13.0,20.3,15.2,14.5
2012-06-11,2012,6,11,23,N,6,142.70,19.0,20.3,14.8,13.9
2012-06-11,2012,6,11,24,C,1,71.35,15.0,19.5,15.7,14.4
2012-07-02,2012,7,2,1,C,4,106.81,13.0,19.7,15.9,13.8
2012-07-02,2012,7,2,2,H,3,116.76,8.0,25.3,18.5,17.7
2012-07-02,2012,7,2,3,HN,6,73.51,9.0,24.6,21.8,21.5
2012-07-02,2012,7,2,4,HN,3,185.08,9.0,24.5,23.7,23.1
2012-07-02,2012,7,2,5,H,5,99.89,6.0,24.7,24.7,23.9
2012-07-02,2012,7,2,6,N,1,98.16,7.0,25.2,21.2,20.8
2012-07-02,2012,7,2,7,HN,5,88.65,11.0,25.6,21.2,19.0
2012-07-02,2012,7,2,8,H,2,52.32,7.0,24.5,23.8,23.0
2012-07-02,2012,7,2,9,N,5,90.38,5.0,24.1,24.7,24.4
2012-07-02,2012,7,2,10,HN,1,175.57,8.0,23.8,19.5,18.4
2012-07-02,2012,7,2,11,N,4,97.73,11.0,24.3,26.4,25.9
2012-07-02,2012,7,2,12,C,2,92.97,11.0,25.1,19.1,18.5
2012-07-02,2012,7,2,13,H,1,107.24,9.0,26.4,19.3,18.5
2012-07-02,2012,7,2,14,C,3,93.41,6.0,24.9,23.4,23.7
2012-07-02,2012,7,2,15,HN,2,102.49,11.0,24.9,19.5,17.7
2012-07-02,2012,7,2,16,N,2,115.46,7.0,24.5,24.1,23.1
2012-07-02,2012,7,2,17,HN,4,131.46,6.0,24.6,18.7,17.9
2012-07-02,2012,7,2,18,H,4,147.46,12.0,24.6,22.4,22.5
2012-07-02,2012,7,2,19,C,5,90.38,9.0,24.7,23.3,23.1
2012-07-02,2012,7,2,20,C,6,64.43,9.0,25.0,19.0,18.7
2012-07-02,2012,7,2,21,N,3,81.73,11.0,24.7,18.0,17.5
2012-07-02,2012,7,2,22,H,6,79.14,9.0,24.4,18.3,17.7
2012-07-02,2012,7,2,23,N,6,117.62,11.0,24.7,20.0,18.6
2012-07-02,2012,7,2,24,C,1,96.00,11.0,24.7,18.1,17.7
2012-08-02,2012,8,2,1,C,4,112.43,8.0,24.7,19.0,18.1
2012-08-02,2012,8,2,2,H,3,236.54,6.0,21.4,22.6,NA
2012-08-02,2012,8,2,3,HN,6,188.11,7.0,23.7,22.6,NA
2012-08-02,2012,8,2,4,HN,3,372.76,4.0,25.8,22.6,NA
2012-08-02,2012,8,2,5,H,5,248.65,5.0,31.6,22.6,NA
2012-08-02,2012,8,2,6,N,1,282.81,6.0,23.5,22.3,NA
2012-08-02,2012,8,2,7,HN,5,174.27,5.0,22.6,19.0,NA
2012-08-02,2012,8,2,8,H,2,150.05,6.0,25.0,24.0,NA
2012-08-02,2012,8,2,9,N,5,215.35,7.0,26.4,25.4,NA
2012-08-02,2012,8,2,10,HN,1,490.81,5.0,20.5,18.8,NA
2012-08-02,2012,8,2,11,N,4,219.68,8.0,25.1,24.1,NA
2012-08-02,2012,8,2,12,C,2,251.68,8.0,20.0,18.7,NA
2012-08-02,2012,8,2,13,H,1,239.57,7.0,20.3,18.6,NA
2012-08-02,2012,8,2,14,C,3,243.89,7.0,24.6,23.6,NA
2012-08-02,2012,8,2,15,HN,2,252.54,7.0,20.1,18.1,NA
2012-08-02,2012,8,2,16,N,2,337.30,8.0,25.4,24.4,NA
2012-08-02,2012,8,2,17,HN,4,297.95,8.0,20.5,18.6,NA
2012-08-02,2012,8,2,18,H,4,297.08,6.0,25.7,24.0,NA
2012-08-02,2012,8,2,19,C,5,163.03,6.0,25.1,24.6,NA
2012-08-02,2012,8,2,20,C,6,190.70,8.0,20.6,18.7,NA
2012-08-02,2012,8,2,21,N,3,226.59,9.0,19.5,18.5,NA
2012-08-02,2012,8,2,22,H,6,205.84,8.0,20.0,18.5,NA
2012-08-02,2012,8,2,23,N,6,244.32,8.0,20.3,18.3,NA
2012-08-02,2012,8,2,24,C,1,224.86,7.0,20.8,18.5,NA
2012-09-04,2012,9,4,1,C,4,256.00,8.0,19.1,18.1,NA
2012-09-04,2012,9,4,2,H,3,124.54,15.0,19.3,19.7,NA
2012-09-04,2012,9,4,3,HN,6,81.30,13.0,19.4,22.8,NA
2012-09-04,2012,9,4,4,HN,3,152.65,7.0,19.6,24.7,NA
2012-09-04,2012,9,4,5,H,5,139.24,9.0,19.4,26.9,NA
2012-09-04,2012,9,4,6,N,1,130.59,9.0,19.3,23.0,NA
2012-09-04,2012,9,4,7,HN,5,75.24,10.0,19.6,19.8,NA
2012-09-04,2012,9,4,8,H,2,82.59,12.0,19.5,23.7,NA
2012-09-04,2012,9,4,9,N,5,96.00,10.0,19.4,25.1,NA
2012-09-04,2012,9,4,10,HN,1,141.84,11.0,19.0,19.9,NA
2012-09-04,2012,9,4,11,N,4,124.54,14.0,19.1,22.8,NA
2012-09-04,2012,9,4,12,C,2,103.35,11.0,19.2,19.6,NA
2012-09-04,2012,9,4,13,H,1,86.05,16.0,19.1,19.3,NA
2012-09-04,2012,9,4,14,C,3,119.78,8.0,19.7,24.4,NA
2012-09-04,2012,9,4,15,HN,2,79.14,18.0,20.0,20.1,NA
2012-09-04,2012,9,4,16,N,2,131.03,11.0,20.1,24.4,NA
2012-09-04,2012,9,4,17,HN,4,124.54,15.0,19.9,19.3,NA
2012-09-04,2012,9,4,18,H,4,197.19,15.0,20.1,25.1,NA
2012-09-04,2012,9,4,19,C,5,97.73,9.0,20.5,24.7,NA
2012-09-04,2012,9,4,20,C,6,67.89,13.0,20.3,19.9,NA
2012-09-04,2012,9,4,21,N,3,57.95,15.0,20.1,19.4,NA
2012-09-04,2012,9,4,22,H,6,105.51,17.0,20.6,19.4,NA
2012-09-04,2012,9,4,23,N,6,147.03,18.0,20.0,19.4,NA
2012-09-04,2012,9,4,24,C,1,81.30,13.0,20.0,19.8,NA
2012-09-21,2012,9,21,1,C,4,82.59,12.0,20.0,19.5,NA
2012-09-21,2012,9,21,2,H,3,88.65,13.0,15.5,13.7,NA
2012-09-21,2012,9,21,3,HN,6,54.49,13.0,15.6,14.5,NA
2012-09-21,2012,9,21,4,HN,3,63.57,7.0,15.1,12.6,NA
2012-09-21,2012,9,21,5,H,5,83.89,10.0,15.4,14.0,NA
2012-09-21,2012,9,21,6,N,1,83.89,11.0,15.6,13.9,NA
2012-09-21,2012,9,21,7,HN,5,80.00,10.0,15.4,13.5,NA
2012-09-21,2012,9,21,8,H,2,50.16,12.0,15.3,12.8,NA
2012-09-21,2012,9,21,9,N,5,70.92,12.0,15.5,14.4,NA
2012-09-21,2012,9,21,10,HN,1,130.59,11.0,15.4,12.8,NA
2012-09-21,2012,9,21,11,N,4,87.78,16.0,15.2,14.3,NA
2012-09-21,2012,9,21,12,C,2,82.16,17.0,15.0,13.4,NA
2012-09-21,2012,9,21,13,H,1,62.70,19.0,14.7,13.0,NA
2012-09-21,2012,9,21,14,C,3,64.86,12.0,15.7,15.5,NA
2012-09-21,2012,9,21,15,HN,2,87.35,17.0,16.2,13.4,NA
2012-09-21,2012,9,21,16,N,2,84.32,11.0,16.4,14.2,NA
2012-09-21,2012,9,21,17,HN,4,107.24,12.0,16.2,13.2,NA
2012-09-21,2012,9,21,18,H,4,120.65,10.0,16.4,15.0,NA
2012-09-21,2012,9,21,19,C,5,67.89,13.0,16.7,14.4,NA
2012-09-21,2012,9,21,20,C,6,55.35,13.0,17.2,12.9,NA
2012-09-21,2012,9,21,21,N,3,55.35,15.0,16.5,13.1,NA
2012-09-21,2012,9,21,22,H,6,80.00,14.0,16.3,12.6,NA
2012-09-21,2012,9,21,23,N,6,NA,24.0,NA,13.1,NA
2012-09-21,2012,9,21,24,C,1,70.49,13.0,16.9,13.0,NA
2012-10-08,2012,10,8,1,C,4,64.86,16.0,9.0,10.2,NA
2012-10-08,2012,10,8,2,H,3,74.81,18.0,8.7,10.2,NA
2012-10-08,2012,10,8,3,HN,6,29.41,14.0,8.9,10.1,NA
2012-10-08,2012,10,8,4,HN,3,51.46,16.0,8.9,9.6,NA
2012-10-08,2012,10,8,5,H,5,62.27,18.0,8.9,10.2,NA
2012-10-08,2012,10,8,6,N,1,53.19,17.0,9.1,10.1,NA
2012-10-08,2012,10,8,7,HN,5,69.62,20.0,8.7,10.4,NA
2012-10-08,2012,10,8,8,H,2,53.19,19.0,8.7,9.6,NA
2012-10-08,2012,10,8,9,N,5,48.00,17.0,8.6,10.3,NA
2012-10-08,2012,10,8,10,HN,1,83.46,19.0,8.8,10.2,NA
2012-10-08,2012,10,8,11,N,4,71.78,20.0,9.0,10.7,NA
2012-10-08,2012,10,8,12,C,2,66.59,21.0,9.6,10.1,NA
2012-10-08,2012,10,8,13,H,1,30.27,21.0,10.0,10.6,NA
2012-10-08,2012,10,8,14,C,3,51.03,14.0,8.9,10.7,NA
2012-10-08,2012,10,8,15,HN,2,52.76,23.0,9.2,10.6,NA
2012-10-08,2012,10,8,16,N,2,62.70,14.0,9.2,10.3,NA
2012-10-08,2012,10,8,17,HN,4,80.43,20.0,9.4,10.5,NA
2012-10-08,2012,10,8,18,H,4,75.24,22.0,9.4,10.6,NA
2012-10-08,2012,10,8,19,C,5,59.68,19.0,9.2,10.2,NA
2012-10-08,2012,10,8,20,C,6,41.95,16.0,8.9,10.0,NA
2012-10-08,2012,10,8,21,N,3,55.35,19.0,9.2,10.7,NA
2012-10-08,2012,10,8,22,H,6,56.22,21.0,NA,10.1,NA
2012-10-08,2012,10,8,23,N,6,71.35,20.0,9.0,10.1,NA
2012-10-08,2012,10,8,24,C,1,54.49,21.0,9.1,10.0,NA
2013-05-15,2013,5,15,1,C,4,99.36,12.0,NA,10.2,9.3
2013-05-15,2013,5,15,2,H,3,89.86,20.0,NA,14.2,13.7
2013-05-15,2013,5,15,3,HN,6,321.72,14.0,NA,13.7,13.3
2013-05-15,2013,5,15,4,HN,3,151.75,11.0,NA,15.7,15.2
2013-05-15,2013,5,15,5,H,5,117.38,12.0,NA,14.1,13.5
2013-05-15,2013,5,15,6,N,1,65.31,16.0,NA,10.6,9.4
2013-05-15,2013,5,15,7,HN,5,120.15,13.0,NA,13.6,12.4
2013-05-15,2013,5,15,8,H,2,109.63,14.0,NA,15.3,15.3
2013-05-15,2013,5,15,9,N,5,145.97,13.0,NA,9.7,9.5
2013-05-15,2013,5,15,10,HN,1,135.79,21.0,NA,14.2,13.6
2013-05-15,2013,5,15,11,N,4,107.63,20.0,NA,10.7,9.1
2013-05-15,2013,5,15,12,C,2,163.01,28.0,NA,9.8,9.1
2013-05-15,2013,5,15,13,H,1,116.34,17.0,NA,16.0,16.0
2013-05-15,2013,5,15,14,C,3,115.74,20.0,NA,9.4,9.2
2013-05-15,2013,5,15,15,HN,2,156.98,14.0,NA,15.3,15.0
2013-05-15,2013,5,15,16,N,2,101.79,20.0,NA,9.5,9.1
2013-05-15,2013,5,15,17,HN,4,180.67,30.0,NA,14.8,13.9
2013-05-15,2013,5,15,18,H,4,176.54,13.0,NA,16.2,16.0
2013-05-15,2013,5,15,19,C,5,104.66,14.0,NA,10.1,9.3
2013-05-15,2013,5,15,20,C,6,108.98,22.0,NA,9.7,9.3
2013-05-15,2013,5,15,21,N,3,88.70,14.0,NA,9.3,9.0
2013-05-15,2013,5,15,23,N,6,91.90,12.0,NA,9.8,9.0
2013-05-15,2013,5,15,24,C,1,122.34,15.0,NA,9.4,8.9
2013-06-20,2013,6,20,1,C,4,318.19,26.0,NA,14.3,14.3
2013-06-20,2013,6,20,2,H,3,255.88,25.0,NA,18.9,19.4
2013-06-20,2013,6,20,3,HN,6,306.27,26.0,NA,19.2,19.3
2013-06-20,2013,6,20,4,HN,3,291.16,19.0,NA,21.7,21.7
2013-06-20,2013,6,20,5,H,5,324.85,19.0,NA,18.8,19.0
2013-06-20,2013,6,20,6,N,1,225.88,23.0,NA,14.7,14.6
2013-06-20,2013,6,20,7,HN,5,199.16,22.0,NA,18.4,18.9
2013-06-20,2013,6,20,8,H,2,268.43,23.0,NA,19.7,20.1
2013-06-20,2013,6,20,9,N,5,317.76,23.0,NA,14.1,14.1
2013-06-20,2013,6,20,10,HN,1,298.17,37.0,NA,18.6,19.2
2013-06-20,2013,6,20,11,N,4,173.50,46.0,NA,14.2,14.3
2013-06-20,2013,6,20,12,C,2,276.59,46.0,NA,14.4,14.4
2013-06-20,2013,6,20,13,H,1,254.61,31.0,NA,18.9,19.4
2013-06-20,2013,6,20,14,C,3,242.18,29.0,NA,14.1,14.3
2013-06-20,2013,6,20,15,HN,2,393.77,25.0,NA,20.0,20.3
2013-06-20,2013,6,20,16,N,2,260.42,26.0,NA,14.5,14.3
2013-06-20,2013,6,20,17,HN,4,329.75,41.0,NA,18.7,18.9
2013-06-20,2013,6,20,18,H,4,234.11,18.0,NA,20.2,20.6
2013-06-20,2013,6,20,19,C,5,262.73,17.0,NA,14.7,14.7
2013-06-20,2013,6,20,20,C,6,194.41,32.0,NA,14.3,14.4
2013-06-20,2013,6,20,21,N,3,273.80,26.0,NA,14.1,14.1
2013-06-20,2013,6,20,23,N,6,224.31,21.0,NA,14.6,14.5
2013-06-20,2013,6,20,24,C,1,273.29,22.0,NA,14.1,13.7
2013-08-19,2013,8,19,1,C,4,128.40,12.0,NA,19.1,18.1
2013-08-19,2013,8,19,2,H,3,112.72,13.0,NA,21.9,21.5
2013-08-19,2013,8,19,3,HN,6,127.87,8.0,NA,22.4,22.2
2013-08-19,2013,8,19,4,HN,3,105.11,5.0,NA,23.7,23.1
2013-08-19,2013,8,19,5,H,5,155.50,11.0,NA,22.1,21.7
2013-08-19,2013,8,19,6,N,1,90.18,10.0,NA,18.7,18.3
2013-08-19,2013,8,19,7,HN,5,95.91,9.0,NA,23.0,22.0
2013-08-19,2013,8,19,8,H,2,133.00,14.0,NA,23.2,22.5
2013-08-19,2013,8,19,9,N,5,183.83,13.0,NA,18.7,18.4
2013-08-19,2013,8,19,10,HN,1,136.79,17.0,NA,22.1,22.1
2013-08-19,2013,8,19,11,N,4,152.62,16.0,NA,18.1,17.8
2013-08-19,2013,8,19,12,C,2,93.03,17.0,NA,18.2,17.9
2013-08-19,2013,8,19,13,H,1,173.99,14.0,NA,23.8,23.4
2013-08-19,2013,8,19,14,C,3,133.86,14.0,NA,18.9,17.8
2013-08-19,2013,8,19,15,HN,2,128.30,8.0,NA,23.5,23.0
2013-08-19,2013,8,19,16,N,2,137.70,14.0,NA,18.0,18.5
2013-08-19,2013,8,19,17,HN,4,118.49,14.0,NA,23.1,22.7
2013-08-19,2013,8,19,18,H,4,106.80,15.0,NA,23.2,22.8
2013-08-19,2013,8,19,19,C,5,104.48,13.0,NA,19.1,18.1
2013-08-19,2013,8,19,20,C,6,89.86,16.0,NA,18.1,17.8
2013-08-19,2013,8,19,21,N,3,98.50,12.0,NA,18.2,18.2
2013-08-19,2013,8,19,23,N,6,104.06,15.0,NA,18.4,17.9
2013-08-19,2013,8,19,24,C,1,145.34,13.0,NA,17.2,17.3
2013-09-16,2013,9,16,1,C,4,132.05,20.0,NA,14.8,15.0
2013-09-16,2013,9,16,2,H,3,110.64,20.0,NA,18.5,19.2
2013-09-16,2013,9,16,3,HN,6,105.55,10.0,NA,18.6,19.5
2013-09-16,2013,9,16,4,HN,3,118.68,13.0,NA,20.9,21.5
2013-09-16,2013,9,16,5,H,5,161.03,19.0,NA,19.7,19.9
2013-09-16,2013,9,16,6,N,1,121.36,15.0,NA,15.2,15.6
2013-09-16,2013,9,16,7,HN,5,83.18,13.0,NA,18.3,18.9
2013-09-16,2013,9,16,8,H,2,111.30,16.0,NA,19.6,19.9
2013-09-16,2013,9,16,9,N,5,164.39,19.0,NA,14.7,15.1
2013-09-16,2013,9,16,10,HN,1,165.92,18.0,NA,21.4,22.3
2013-09-16,2013,9,16,11,N,4,128.47,22.0,NA,14.4,15.2
2013-09-16,2013,9,16,12,C,2,122.74,22.0,NA,14.4,14.7
2013-09-16,2013,9,16,13,H,1,119.09,19.0,NA,22.3,22.6
2013-09-16,2013,9,16,14,C,3,144.96,24.0,NA,15.5,15.6
2013-09-16,2013,9,16,15,HN,2,231.51,19.0,NA,22.3,22.1
2013-09-16,2013,9,16,16,N,2,103.21,21.0,NA,14.8,14.9
2013-09-16,2013,9,16,17,HN,4,121.69,17.0,NA,19.6,19.9
2013-09-16,2013,9,16,18,H,4,113.25,20.0,NA,21.8,22.3
2013-09-16,2013,9,16,19,C,5,114.13,17.0,NA,14.8,15.1
2013-09-16,2013,9,16,20,C,6,94.40,20.0,NA,15.0,14.8
2013-09-16,2013,9,16,21,N,3,89.11,17.0,NA,14.5,14.7
2013-09-16,2013,9,16,23,N,6,99.81,22.0,NA,14.5,14.5
2013-09-16,2013,9,16,24,C,1,120.90,19.0,NA,14.4,14.4
2013-10-18,2013,10,18,1,C,4,83.24,15.0,NA,13.7,NA
2013-10-18,2013,10,18,2,H,3,88.68,18.0,NA,18.0,NA
2013-10-18,2013,10,18,3,HN,6,73.52,9.0,NA,17.3,NA
2013-10-18,2013,10,18,4,HN,3,112.99,11.0,NA,20.3,NA
2013-10-18,2013,10,18,5,H,5,97.19,20.0,NA,18.0,NA
2013-10-18,2013,10,18,6,N,1,66.49,16.0,NA,13.5,NA
2013-10-18,2013,10,18,7,HN,5,63.81,16.0,NA,15.8,NA
2013-10-18,2013,10,18,8,H,2,75.02,13.0,NA,18.7,NA
2013-10-18,2013,10,18,9,N,5,115.11,21.0,NA,13.7,NA
2013-10-18,2013,10,18,10,HN,1,98.58,21.0,NA,19.9,NA
2013-10-18,2013,10,18,11,N,4,93.15,21.0,NA,13.9,NA
2013-10-18,2013,10,18,12,C,2,79.49,27.0,NA,13.2,NA
2013-10-18,2013,10,18,13,H,1,79.47,20.0,NA,19.3,NA
2013-10-18,2013,10,18,14,C,3,93.99,22.0,NA,13.5,NA
2013-10-18,2013,10,18,15,HN,2,98.57,11.0,NA,19.5,NA
2013-10-18,2013,10,18,16,N,2,81.52,18.0,NA,13.1,NA
2013-10-18,2013,10,18,17,HN,4,85.94,14.0,NA,18.6,NA
2013-10-18,2013,10,18,18,H,4,74.21,22.0,NA,19.1,NA
2013-10-18,2013,10,18,19,C,5,75.07,15.0,NA,13.1,NA
2013-10-18,2013,10,18,20,C,6,80.27,21.0,NA,13.5,NA
2013-10-18,2013,10,18,21,N,3,71.76,15.0,NA,13.1,NA
2013-10-18,2013,10,18,23,N,6,80.38,20.0,NA,13.1,NA
2013-10-18,2013,10,18,24,C,1,83.24,14.0,NA,12.9,NA
